ra;nome;email;telefone;dt_nascimento;id_curso;status
20260001;Altair Valerian;altair.valerian.20260001@facul.edu.br;+55 23 93963-6048;1997-05-21;C003;ATIVO
20260002;Frodo Romanoff;frodo.romanoff.20260002@facul.edu.br;+55 23 97519-4451;1999-08-28;C001;TRANCADO
20260003;Tony Phoenix;tony.phoenix.20260003@facul.edu.br;+55 23 98732-9218;2000-01-18;C003;ATIVO
20260004;Gyarados Storm;gyarados.storm.20260004@facul.edu.br;+55 23 99772-1071;1998-08-13;C002;ATIVO
20260005;Gyarados Raven;gyarados.raven.20260005@facul.edu.br;+55 23 93753-5887;1996-01-20;C002;ATIVO
20260006;Ditto Dawn;ditto.dawn.20260006@facul.edu.br;+55 23 97033-9742;2000-12-28;C003;ATIVO
20260007;Link Blade;link.blade.20260007@facul.edu.br;+55 23 91139-5041;2003-11-09;C002;ATIVO
20260008;Gabumon Maximus;gabumon.maximus.20260008@facul.edu.br;+55 23 98228-2675;1998-08-13;C003;ATIVO
20260009;Ryu Maximus;ryu.maximus.20260009@facul.edu.br;+55 23 93604-8050;2003-05-14;C004;ATIVO
20260010;Pikachu Frost;pikachu.frost.20260010@facul.edu.br;+55 23 94246-8935;2002-08-16;C001;ATIVO
20260011;Samus Ember;samus.ember.20260011@facul.edu.br;+55 23 99495-2524;2004-09-09;C003;TRANCADO
20260012;Aloy Raven;aloy.raven.20260012@facul.edu.br;+55 23 97991-3754;2005-05-21;C001;ATIVO
20260013;Peter Phoenix;peter.phoenix.20260013@facul.edu.br;+55 23 93278-1167;2004-03-12;C003;ATIVO
20260014;Guilmon Banner;guilmon.banner.20260014@facul.edu.br;+55 23 94211-8848;2006-06-16;C005;TRANCADO
20260015;Jolteon Frost;jolteon.frost.20260015@facul.edu.br;+55 23 94145-5169;2000-08-27;C002;ATIVO
20260016;Arthur Odinson;arthur.odinson.20260016@facul.edu.br;+55 23 94648-3422;1997-06-15;C003;ATIVO
20260017;Renamon Storm;renamon.storm.20260017@facul.edu.br;+55 23 97934-1311;1995-01-11;C003;TRANCADO
20260018;Loki Maximus;loki.maximus.20260018@facul.edu.br;+55 23 92949-4337;2006-04-26;C004;ATIVO
20260019;Logan Grayson;logan.grayson.20260019@facul.edu.br;+55 23 93193-5511;2004-07-11;C003;ATIVO
20260020;Monzaemon Frost;monzaemon.frost.20260020@facul.edu.br;+55 23 96687-9377;1999-07-24;C004;ATIVO
20260021;Barry Odinson;barry.odinson.20260021@facul.edu.br;+55 23 98086-9179;2005-09-27;C004;ATIVO
20260022;Peter Valerian;peter.valerian.20260022@facul.edu.br;+55 23 98437-5062;1995-04-14;C002;ATIVO
20260023;Gyarados Parker;gyarados.parker.20260023@facul.edu.br;+55 23 98516-8114;2000-10-07;C001;ATIVO
20260024;Legolas Echo;legolas.echo.20260024@facul.edu.br;+55 23 92288-7507;1996-05-04;C004;ATIVO
20260025;Jigglypuff Wayne;jigglypuff.wayne.20260025@facul.edu.br;+55 23 91418-2427;2006-02-25;C003;ATIVO
20260026;Yennefer Odinson;yennefer.odinson.20260026@facul.edu.br;+55 23 94518-2205;1997-04-16;C003;ATIVO
20260027;Steve Dawn;steve.dawn.20260027@facul.edu.br;+55 23 96782-1246;1998-07-28;C002;ATIVO
20260028;Luke Kenobi;luke.kenobi.20260028@facul.edu.br;+55 23 99467-1182;2004-09-12;C002;ATIVO
20260029;Renamon Dawn;renamon.dawn.20260029@facul.edu.br;+55 23 98693-4211;2005-06-14;C001;ATIVO
20260030;Guilmon Phoenix;guilmon.phoenix.20260030@facul.edu.br;+55 23 94643-1375;2007-11-11;C003;ATIVO
20260031;Snorlax Valerian;snorlax.valerian.20260031@facul.edu.br;+55 23 94442-1292;2004-04-20;C005;ATIVO
20260032;Lapras Night;lapras.night.20260032@facul.edu.br;+55 23 93767-9478;1998-02-12;C003;ATIVO
20260033;Wanda Dawn;wanda.dawn.20260033@facul.edu.br;+55 23 96737-4627;2005-05-20;C004;ATIVO
20260034;Samus Raven;samus.raven.20260034@facul.edu.br;+55 23 97330-7967;1997-10-08;C001;TRANCADO
20260035;Bruce Grayson;bruce.grayson.20260035@facul.edu.br;+55 23 96711-1290;2007-05-15;C004;ATIVO
20260036;Gyarados Kent;gyarados.kent.20260036@facul.edu.br;+55 23 93235-7414;1997-12-29;C002;ATIVO
20260037;Hulk Phoenix;hulk.phoenix.20260037@facul.edu.br;+55 23 97477-5779;2006-03-09;C004;ATIVO
20260038;Psyduck Maximus;psyduck.maximus.20260038@facul.edu.br;+55 23 96608-1758;1997-05-03;C002;CANCELADO
20260039;Wormmon Valerian;wormmon.valerian.20260039@facul.edu.br;+55 23 97278-9342;2002-04-27;C004;ATIVO
20260040;Frodo Blade;frodo.blade.20260040@facul.edu.br;+55 23 93205-6834;1995-03-11;C001;CANCELADO
20260041;Ezio Storm;ezio.storm.20260041@facul.edu.br;+55 23 96714-3014;2007-05-10;C004;ATIVO
20260042;Aragorn Kenobi;aragorn.kenobi.20260042@facul.edu.br;+55 23 92134-2980;2003-01-16;C002;ATIVO
20260043;Agumon Frost;agumon.frost.20260043@facul.edu.br;+55 23 99718-9656;1995-08-16;C004;ATIVO
20260044;Gengar Storm;gengar.storm.20260044@facul.edu.br;+55 23 96588-3936;1999-03-25;C005;ATIVO
20260045;Jigglypuff Atlas;jigglypuff.atlas.20260045@facul.edu.br;+55 23 95158-5902;1999-03-04;C004;TRANCADO
20260046;Lucario Dawn;lucario.dawn.20260046@facul.edu.br;+55 23 95041-8025;1998-04-06;C005;ATIVO
20260047;Thor Raven;thor.raven.20260047@facul.edu.br;+55 23 95943-9584;2000-08-05;C005;ATIVO
20260048;Palmon Raven;palmon.raven.20260048@facul.edu.br;+55 23 96831-5416;1995-09-29;C004;ATIVO
20260049;Leomon Stone;leomon.stone.20260049@facul.edu.br;+55 23 96395-3149;1995-04-13;C005;ATIVO
20260050;Atreus Grayson;atreus.grayson.20260050@facul.edu.br;+55 23 91087-4406;1995-06-11;C004;ATIVO
20260051;Steve Grayson;steve.grayson.20260051@facul.edu.br;+55 23 94320-4412;1999-03-12;C004;ATIVO
20260052;Mario Phoenix;mario.phoenix.20260052@facul.edu.br;+55 23 98317-1566;1999-12-12;C005;ATIVO
20260053;Vaporeon Kenobi;vaporeon.kenobi.20260053@facul.edu.br;+55 23 98420-3754;1999-05-04;C002;ATIVO
20260054;Samus Drake;samus.drake.20260054@facul.edu.br;+55 23 95777-5132;2006-03-12;C005;ATIVO
20260055;Knuckles Maximus;knuckles.maximus.20260055@facul.edu.br;+55 23 93861-8815;2001-07-02;C002;ATIVO
20260056;Joel Parker;joel.parker.20260056@facul.edu.br;+55 23 99174-2475;1995-12-02;C003;ATIVO
20260057;Aragorn Stone;aragorn.stone.20260057@facul.edu.br;+55 23 96610-7890;2005-04-22;C004;ATIVO
20260058;Psyduck Odinson;psyduck.odinson.20260058@facul.edu.br;+55 23 93636-1002;1999-02-03;C002;ATIVO
20260059;Renamon Baggins;renamon.baggins.20260059@facul.edu.br;+55 23 98147-9085;1995-07-25;C001;ATIVO
20260060;Aquaman Odinson;aquaman.odinson.20260060@facul.edu.br;+55 23 92115-9272;2006-05-23;C002;ATIVO
20260061;Atreus Shadow;atreus.shadow.20260061@facul.edu.br;+55 23 92310-9137;2004-11-09;C002;ATIVO
20260062;ChunLi Stone;chunli.stone.20260062@facul.edu.br;+55 23 97328-6470;2005-11-28;C005;ATIVO
20260063;Jigglypuff Silver;jigglypuff.silver.20260063@facul.edu.br;+55 23 91374-5809;2002-06-11;C004;ATIVO
20260064;Legolas Shadow;legolas.shadow.20260064@facul.edu.br;+55 23 99019-6331;2004-07-15;C005;ATIVO
20260065;Dragonite Baggins;dragonite.baggins.20260065@facul.edu.br;+55 23 98713-1090;2005-08-20;C002;ATIVO
20260066;Squirtle Ember;squirtle.ember.20260066@facul.edu.br;+55 23 99099-7044;2001-12-26;C001;ATIVO
20260067;Barry Kenobi;barry.kenobi.20260067@facul.edu.br;+55 23 99535-5038;1995-12-08;C005;ATIVO
20260068;Patamon Stone;patamon.stone.20260068@facul.edu.br;+55 23 95018-5299;1999-10-22;C005;ATIVO
20260069;Tentomon Shadow;tentomon.shadow.20260069@facul.edu.br;+55 23 94518-5535;2005-03-23;C005;TRANCADO
20260070;Monzaemon Stark;monzaemon.stark.20260070@facul.edu.br;+55 23 94994-2442;2002-06-08;C001;ATIVO
20260071;Aragorn Prince;aragorn.prince.20260071@facul.edu.br;+55 23 91465-2799;1995-07-30;C003;ATIVO
20260072;Geralt Stone;geralt.stone.20260072@facul.edu.br;+55 23 94500-9800;2003-01-27;C002;ATIVO
20260073;Umbreon Ember;umbreon.ember.20260073@facul.edu.br;+55 23 96089-1729;1995-02-22;C001;ATIVO
20260074;Tony Parker;tony.parker.20260074@facul.edu.br;+55 23 93400-4900;1999-11-17;C004;ATIVO
20260075;Angemon Atlas;angemon.atlas.20260075@facul.edu.br;+55 23 93053-4313;2004-12-01;C002;ATIVO
20260076;Wanda Orion;wanda.orion.20260076@facul.edu.br;+55 23 91085-6607;2002-06-18;C003;ATIVO
20260077;ChunLi Valerian;chunli.valerian.20260077@facul.edu.br;+55 23 98018-6590;2006-07-24;C003;ATIVO
20260078;Wormmon Frost;wormmon.frost.20260078@facul.edu.br;+55 23 96995-6216;2001-07-21;C005;ATIVO
20260079;Vision Drake;vision.drake.20260079@facul.edu.br;+55 23 95259-2237;2005-01-28;C001;ATIVO
20260080;Tony Drake;tony.drake.20260080@facul.edu.br;+55 23 92817-8703;1996-01-22;C001;CANCELADO
20260081;Zelda Banner;zelda.banner.20260081@facul.edu.br;+55 23 91166-7274;2007-04-18;C003;ATIVO
20260082;Magikarp Shadow;magikarp.shadow.20260082@facul.edu.br;+55 23 93882-5152;2007-09-09;C001;TRANCADO
20260083;Arthur Frost;arthur.frost.20260083@facul.edu.br;+55 23 95818-6797;2005-12-28;C003;TRANCADO
20260084;Ken Grayson;ken.grayson.20260084@facul.edu.br;+55 23 97510-1122;2005-12-19;C002;ATIVO
20260085;Eevee Nova;eevee.nova.20260085@facul.edu.br;+55 23 93094-7525;2005-07-05;C001;ATIVO
20260086;Mario Dawn;mario.dawn.20260086@facul.edu.br;+55 23 96734-3134;1995-09-24;C005;ATIVO
20260087;Umbreon Atlas;umbreon.atlas.20260087@facul.edu.br;+55 23 92130-1734;2006-12-16;C005;ATIVO
20260088;Garurumon Nova;garurumon.nova.20260088@facul.edu.br;+55 23 98240-7504;2000-11-16;C003;ATIVO
20260089;Garurumon Storm;garurumon.storm.20260089@facul.edu.br;+55 23 93835-5165;2001-04-03;C001;ATIVO
20260090;Squirtle Blade;squirtle.blade.20260090@facul.edu.br;+55 23 98666-8283;2000-01-26;C003;ATIVO
20260091;Wormmon Romanoff;wormmon.romanoff.20260091@facul.edu.br;+55 23 95637-4949;2005-01-10;C004;ATIVO
20260092;Magikarp Maximus;magikarp.maximus.20260092@facul.edu.br;+55 23 97713-5082;1996-10-28;C005;ATIVO
20260093;Hulk Parker;hulk.parker.20260093@facul.edu.br;+55 23 94397-1482;2003-05-18;C002;ATIVO
20260094;Gyarados Kenobi;gyarados.kenobi.20260094@facul.edu.br;+55 23 91336-3850;2002-04-08;C004;ATIVO
20260095;Sonic Odinson;sonic.odinson.20260095@facul.edu.br;+55 23 97567-3311;2006-04-11;C005;ATIVO
20260096;Frodo Storm;frodo.storm.20260096@facul.edu.br;+55 23 98943-7856;1996-05-25;C001;ATIVO
20260097;Ciri Echo;ciri.echo.20260097@facul.edu.br;+55 23 95783-4123;1998-06-28;C002;ATIVO
20260098;Link Kent;link.kent.20260098@facul.edu.br;+55 23 93857-1699;2004-11-15;C005;ATIVO
20260099;Legolas Shadow;legolas.shadow.20260099@facul.edu.br;+55 23 94157-2531;1998-07-27;C003;ATIVO
20260100;Espeon Shadow;espeon.shadow.20260100@facul.edu.br;+55 23 98150-3749;1998-10-10;C004;ATIVO
20260101;Ezio Stone;ezio.stone.20260101@facul.edu.br;+55 23 98397-4984;2004-09-17;C002;ATIVO
20260102;Selina Shadow;selina.shadow.20260102@facul.edu.br;+55 23 97198-4426;2000-09-18;C005;ATIVO
20260103;Impmon Night;impmon.night.20260103@facul.edu.br;+55 23 93711-9168;2005-09-13;C003;ATIVO
20260104;Renamon Silver;renamon.silver.20260104@facul.edu.br;+55 23 93600-2901;2004-10-19;C002;ATIVO
20260105;Espeon Drake;espeon.drake.20260105@facul.edu.br;+55 23 98545-7986;2007-12-25;C002;TRANCADO
20260106;Ezio Raven;ezio.raven.20260106@facul.edu.br;+55 23 92198-3734;1995-11-01;C005;ATIVO
20260107;Greymon Skywalker;greymon.skywalker.20260107@facul.edu.br;+55 23 92979-7115;2005-12-01;C002;ATIVO
20260108;Ditto Nova;ditto.nova.20260108@facul.edu.br;+55 23 98011-1907;1996-03-18;C004;ATIVO
20260109;Wanda Valerian;wanda.valerian.20260109@facul.edu.br;+55 23 91799-5125;2001-10-03;C003;ATIVO
20260110;Link Raven;link.raven.20260110@facul.edu.br;+55 23 93405-8449;1995-01-18;C005;ATIVO
20260111;Gandalf Echo;gandalf.echo.20260111@facul.edu.br;+55 23 94424-5907;1996-11-01;C003;ATIVO
20260112;Flareon Romanoff;flareon.romanoff.20260112@facul.edu.br;+55 23 93207-9911;2000-01-25;C001;ATIVO
20260113;Arcanine Kenobi;arcanine.kenobi.20260113@facul.edu.br;+55 23 91155-3794;1996-08-21;C003;ATIVO
20260114;Greymon Drake;greymon.drake.20260114@facul.edu.br;+55 23 94562-8791;1999-08-25;C002;ATIVO
20260115;Gyarados Raven;gyarados.raven.20260115@facul.edu.br;+55 23 98465-3452;2001-01-22;C002;ATIVO
20260116;Aloy Blade;aloy.blade.20260116@facul.edu.br;+55 23 97081-4263;1999-11-16;C002;ATIVO
20260117;Arthur Prince;arthur.prince.20260117@facul.edu.br;+55 23 99302-8796;2005-05-08;C002;ATIVO
20260118;Vaporeon Silver;vaporeon.silver.20260118@facul.edu.br;+55 23 98235-6243;1999-06-23;C005;ATIVO
20260119;Vision Shadow;vision.shadow.20260119@facul.edu.br;+55 23 99142-5754;2006-02-07;C003;TRANCADO
20260120;Leia Parker;leia.parker.20260120@facul.edu.br;+55 23 92795-8131;2004-07-15;C003;ATIVO
20260121;Impmon Echo;impmon.echo.20260121@facul.edu.br;+55 23 91309-8542;1999-07-30;C002;ATIVO
20260122;Impmon Kent;impmon.kent.20260122@facul.edu.br;+55 23 92567-9671;1998-02-19;C002;ATIVO
20260123;Flash Nova;flash.nova.20260123@facul.edu.br;+55 23 94588-1443;2000-07-28;C001;TRANCADO
20260124;Legolas Stone;legolas.stone.20260124@facul.edu.br;+55 23 96647-4591;2005-03-27;C004;ATIVO
20260125;Altair Silver;altair.silver.20260125@facul.edu.br;+55 23 98529-2461;1999-02-10;C003;ATIVO
20260126;Magikarp Nova;magikarp.nova.20260126@facul.edu.br;+55 23 96708-7306;2001-12-25;C004;ATIVO
20260127;Gandalf Raven;gandalf.raven.20260127@facul.edu.br;+55 23 98143-1929;1996-07-23;C001;ATIVO
20260128;Ellie Skywalker;ellie.skywalker.20260128@facul.edu.br;+55 23 98451-4396;1995-02-14;C001;ATIVO
20260129;Vision Valerian;vision.valerian.20260129@facul.edu.br;+55 23 92182-1988;1999-07-04;C003;ATIVO
20260130;Gyarados Stark;gyarados.stark.20260130@facul.edu.br;+55 23 96904-3647;1998-09-05;C003;TRANCADO
20260131;Clint Night;clint.night.20260131@facul.edu.br;+55 23 98389-9221;1999-05-27;C002;ATIVO
20260132;ChunLi Skywalker;chunli.skywalker.20260132@facul.edu.br;+55 23 99143-6565;2004-03-15;C002;TRANCADO
20260133;Hulk Prince;hulk.prince.20260133@facul.edu.br;+55 23 91628-6418;2001-07-10;C002;CANCELADO
20260134;Kirby Baggins;kirby.baggins.20260134@facul.edu.br;+55 23 94991-9397;2007-09-30;C003;ATIVO
20260135;Monzaemon Shadow;monzaemon.shadow.20260135@facul.edu.br;+55 23 99102-9010;2002-12-31;C001;TRANCADO
20260136;Zelda Nova;zelda.nova.20260136@facul.edu.br;+55 23 94744-1179;1998-05-16;C001;ATIVO
20260137;Ryu Stone;ryu.stone.20260137@facul.edu.br;+55 23 94852-9288;2002-10-20;C002;TRANCADO
20260138;Squirtle Drake;squirtle.drake.20260138@facul.edu.br;+55 23 97199-2898;1998-09-27;C002;ATIVO
20260139;Luke Blade;luke.blade.20260139@facul.edu.br;+55 23 98783-8394;2005-11-28;C001;ATIVO
20260140;Impmon Skywalker;impmon.skywalker.20260140@facul.edu.br;+55 23 94945-8853;2005-06-21;C003;ATIVO
20260141;Venusaur Atlas;venusaur.atlas.20260141@facul.edu.br;+55 23 91436-1933;2005-09-24;C005;ATIVO
20260142;Mew Phoenix;mew.phoenix.20260142@facul.edu.br;+55 23 96638-6008;2007-03-01;C004;ATIVO
20260143;Hulk Maximus;hulk.maximus.20260143@facul.edu.br;+55 23 97521-6529;2004-01-24;C002;ATIVO
20260144;Ken Dawn;ken.dawn.20260144@facul.edu.br;+55 23 91163-2603;2000-05-28;C003;ATIVO
20260145;Frodo Parker;frodo.parker.20260145@facul.edu.br;+55 23 97524-5917;1995-01-01;C001;ATIVO
20260146;Garurumon Grayson;garurumon.grayson.20260146@facul.edu.br;+55 23 93465-4512;2002-05-26;C004;ATIVO
20260147;ChunLi Prince;chunli.prince.20260147@facul.edu.br;+55 23 96613-4374;1995-06-10;C003;ATIVO
20260148;Diana Stark;diana.stark.20260148@facul.edu.br;+55 23 99828-3609;2002-09-17;C004;CANCELADO
20260149;Snorlax Silver;snorlax.silver.20260149@facul.edu.br;+55 23 99783-7397;2006-04-15;C005;ATIVO
20260150;Gatomon Raven;gatomon.raven.20260150@facul.edu.br;+55 23 94889-2106;2001-08-12;C001;ATIVO
20260151;Terriermon Banner;terriermon.banner.20260151@facul.edu.br;+55 23 93690-3723;2007-04-20;C001;ATIVO
20260152;Bulbasaur Skywalker;bulbasaur.skywalker.20260152@facul.edu.br;+55 23 98401-2764;2005-04-09;C004;ATIVO
20260153;Garurumon Ember;garurumon.ember.20260153@facul.edu.br;+55 23 97552-6880;2002-05-15;C001;ATIVO
20260154;Wonder Drake;wonder.drake.20260154@facul.edu.br;+55 23 96926-7442;1999-08-20;C004;ATIVO
20260155;Loki Wayne;loki.wayne.20260155@facul.edu.br;+55 23 93409-1507;2005-05-18;C002;TRANCADO
20260156;Anakin Kenobi;anakin.kenobi.20260156@facul.edu.br;+55 23 98452-6251;1998-09-10;C001;ATIVO
20260157;Aloy Odinson;aloy.odinson.20260157@facul.edu.br;+55 23 95889-9229;1998-04-28;C004;ATIVO
20260158;Arthur Drake;arthur.drake.20260158@facul.edu.br;+55 23 93597-3667;2004-06-28;C001;ATIVO
20260159;Charizard Odinson;charizard.odinson.20260159@facul.edu.br;+55 23 93946-3704;2004-07-02;C002;ATIVO
20260160;Mario Shadow;mario.shadow.20260160@facul.edu.br;+55 23 98937-8085;2002-04-01;C001;ATIVO
20260161;Ciri Ember;ciri.ember.20260161@facul.edu.br;+55 23 98167-9024;2007-07-05;C005;ATIVO
20260162;Tails Echo;tails.echo.20260162@facul.edu.br;+55 23 96480-1473;1995-08-06;C005;ATIVO
20260163;Loki Drake;loki.drake.20260163@facul.edu.br;+55 23 92796-5727;2007-01-15;C001;ATIVO
20260164;Terriermon Wayne;terriermon.wayne.20260164@facul.edu.br;+55 23 91912-6101;1999-05-17;C002;ATIVO
20260165;Ditto Prince;ditto.prince.20260165@facul.edu.br;+55 23 98663-8692;2004-06-17;C002;ATIVO
20260166;Veemon Drake;veemon.drake.20260166@facul.edu.br;+55 23 96382-5585;2006-08-01;C001;ATIVO
20260167;Altair Shadow;altair.shadow.20260167@facul.edu.br;+55 23 94376-7144;1996-10-13;C003;ATIVO
20260168;Joel Storm;joel.storm.20260168@facul.edu.br;+55 23 91879-3256;2000-12-02;C002;TRANCADO
20260169;Logan Orion;logan.orion.20260169@facul.edu.br;+55 23 91040-7850;2003-01-15;C001;ATIVO
20260170;Bulbasaur Phoenix;bulbasaur.phoenix.20260170@facul.edu.br;+55 23 95529-9667;2001-06-06;C001;TRANCADO
20260171;Loki Echo;loki.echo.20260171@facul.edu.br;+55 23 98283-9831;2002-03-19;C002;ATIVO
20260172;Angemon Stark;angemon.stark.20260172@facul.edu.br;+55 23 92558-8018;2007-01-16;C004;ATIVO
20260173;Ezio Prince;ezio.prince.20260173@facul.edu.br;+55 23 91637-4498;1996-06-25;C003;ATIVO
20260174;Frodo Blade;frodo.blade.20260174@facul.edu.br;+55 23 97310-1457;2001-09-03;C001;ATIVO
20260175;Greymon Skywalker;greymon.skywalker.20260175@facul.edu.br;+55 23 96226-1058;1996-05-10;C005;ATIVO
20260176;Logan Atlas;logan.atlas.20260176@facul.edu.br;+55 23 96528-3693;2003-04-28;C002;ATIVO
20260177;Flash Grayson;flash.grayson.20260177@facul.edu.br;+55 23 98891-2609;1996-07-09;C004;CANCELADO
20260178;Aloy Kent;aloy.kent.20260178@facul.edu.br;+55 23 91128-8380;1996-06-02;C004;ATIVO
20260179;Impmon Maximus;impmon.maximus.20260179@facul.edu.br;+55 23 95569-9336;2005-07-27;C004;TRANCADO
20260180;Leomon Prince;leomon.prince.20260180@facul.edu.br;+55 23 91490-4631;2003-11-25;C002;ATIVO
20260181;Vision Blade;vision.blade.20260181@facul.edu.br;+55 23 97542-4780;2004-12-01;C002;ATIVO
20260182;Altair Banner;altair.banner.20260182@facul.edu.br;+55 23 92220-6300;1998-06-17;C003;ATIVO
20260183;Bulbasaur Frost;bulbasaur.frost.20260183@facul.edu.br;+55 23 94868-6478;1999-01-08;C003;ATIVO
20260184;Agumon Kenobi;agumon.kenobi.20260184@facul.edu.br;+55 23 92230-8309;1998-04-04;C005;ATIVO
20260185;Venusaur Grayson;venusaur.grayson.20260185@facul.edu.br;+55 23 98303-6649;2002-12-13;C003;ATIVO
20260186;Wanda Odinson;wanda.odinson.20260186@facul.edu.br;+55 23 98050-4566;2001-04-14;C003;ATIVO
20260187;Batman Kent;batman.kent.20260187@facul.edu.br;+55 23 91804-4760;2006-08-06;C005;ATIVO
20260188;Angemon Kent;angemon.kent.20260188@facul.edu.br;+55 23 94892-8866;2000-08-25;C003;ATIVO
20260189;Gengar Blade;gengar.blade.20260189@facul.edu.br;+55 23 99834-6292;2005-06-22;C001;TRANCADO
20260190;Aragorn Odinson;aragorn.odinson.20260190@facul.edu.br;+55 23 93227-6665;1996-04-17;C004;ATIVO
20260191;Eevee Stone;eevee.stone.20260191@facul.edu.br;+55 23 94600-1376;2006-08-27;C003;TRANCADO
20260192;Pikachu Echo;pikachu.echo.20260192@facul.edu.br;+55 23 97959-7473;2001-05-12;C004;ATIVO
20260193;Wanda Frost;wanda.frost.20260193@facul.edu.br;+55 23 96611-9854;2002-06-02;C005;ATIVO
20260194;Selina Silver;selina.silver.20260194@facul.edu.br;+55 23 99690-9727;2005-11-27;C005;ATIVO
20260195;Mario Shadow;mario.shadow.20260195@facul.edu.br;+55 23 92887-4832;1999-03-26;C002;ATIVO
20260196;Kirby Valerian;kirby.valerian.20260196@facul.edu.br;+55 23 97782-5048;2006-08-18;C005;ATIVO
20260197;Veemon Nova;veemon.nova.20260197@facul.edu.br;+55 23 91189-4546;2006-04-18;C002;ATIVO
20260198;Bruce Shadow;bruce.shadow.20260198@facul.edu.br;+55 23 93025-9426;2007-06-21;C003;ATIVO
20260199;Natasha Banner;natasha.banner.20260199@facul.edu.br;+55 23 92800-4155;2002-03-28;C003;TRANCADO
20260200;Anakin Odinson;anakin.odinson.20260200@facul.edu.br;+55 23 96033-6383;2001-01-20;C004;ATIVO
20260201;Impmon Valerian;impmon.valerian.20260201@facul.edu.br;+55 23 94446-1781;2006-12-09;C002;ATIVO
20260202;Flash Echo;flash.echo.20260202@facul.edu.br;+55 23 94536-2500;2007-01-14;C003;ATIVO
20260203;Kratos Silver;kratos.silver.20260203@facul.edu.br;+55 23 99103-5036;2003-09-01;C002;ATIVO
20260204;Impmon Skywalker;impmon.skywalker.20260204@facul.edu.br;+55 23 96254-5604;1995-02-04;C003;ATIVO
20260205;Joel Romanoff;joel.romanoff.20260205@facul.edu.br;+55 23 93869-3974;1999-11-05;C003;TRANCADO
20260206;Espeon Shadow;espeon.shadow.20260206@facul.edu.br;+55 23 97075-3725;2005-11-21;C003;ATIVO
20260207;Kirby Blade;kirby.blade.20260207@facul.edu.br;+55 23 93906-1362;1996-08-13;C002;TRANCADO
20260208;Knuckles Raven;knuckles.raven.20260208@facul.edu.br;+55 23 98815-4931;2000-02-14;C002;TRANCADO
20260209;Ryu Blade;ryu.blade.20260209@facul.edu.br;+55 23 95660-5394;2006-01-16;C003;TRANCADO
20260210;Jigglypuff Orion;jigglypuff.orion.20260210@facul.edu.br;+55 23 91504-3454;2000-01-14;C003;ATIVO
20260211;ChunLi Valerian;chunli.valerian.20260211@facul.edu.br;+55 23 97311-2759;2002-01-27;C002;ATIVO
20260212;Jolteon Kenobi;jolteon.kenobi.20260212@facul.edu.br;+55 23 92960-8573;1999-08-27;C001;ATIVO
20260213;Geralt Dawn;geralt.dawn.20260213@facul.edu.br;+55 23 92567-9763;1996-11-29;C005;ATIVO
20260214;Samus Stark;samus.stark.20260214@facul.edu.br;+55 23 93440-4371;2000-05-25;C001;ATIVO
20260215;Espeon Phoenix;espeon.phoenix.20260215@facul.edu.br;+55 23 91863-6535;1997-12-28;C004;ATIVO
20260216;Frodo Prince;frodo.prince.20260216@facul.edu.br;+55 23 91576-1112;1999-01-27;C003;ATIVO
20260217;Agumon Echo;agumon.echo.20260217@facul.edu.br;+55 23 96089-5681;2006-07-08;C002;ATIVO
20260218;Vaporeon Storm;vaporeon.storm.20260218@facul.edu.br;+55 23 95746-7630;2004-09-17;C003;ATIVO
20260219;Flash Kenobi;flash.kenobi.20260219@facul.edu.br;+55 23 98518-6398;2006-08-25;C004;TRANCADO
20260220;Garurumon Valerian;garurumon.valerian.20260220@facul.edu.br;+55 23 92651-8705;2002-02-09;C003;ATIVO
20260221;Venusaur Ember;venusaur.ember.20260221@facul.edu.br;+55 23 99062-2462;2001-01-26;C004;ATIVO
20260222;Tails Echo;tails.echo.20260222@facul.edu.br;+55 23 94957-3000;2002-01-14;C004;ATIVO
20260223;Renamon Orion;renamon.orion.20260223@facul.edu.br;+55 23 94026-1622;2004-09-28;C002;ATIVO
20260224;Thor Atlas;thor.atlas.20260224@facul.edu.br;+55 23 99489-6784;2000-03-23;C003;ATIVO
20260225;Wonder Atlas;wonder.atlas.20260225@facul.edu.br;+55 23 99634-1056;2003-07-16;C005;TRANCADO
20260226;Vaporeon Ember;vaporeon.ember.20260226@facul.edu.br;+55 23 95658-1029;2005-05-16;C005;ATIVO
20260227;Aloy Nova;aloy.nova.20260227@facul.edu.br;+55 23 92453-6547;2003-06-29;C002;ATIVO
20260228;Gyarados Romanoff;gyarados.romanoff.20260228@facul.edu.br;+55 23 93952-3549;2000-12-13;C001;ATIVO
20260229;Superman Ember;superman.ember.20260229@facul.edu.br;+55 23 96605-3829;1995-07-06;C005;ATIVO
20260230;Mario Valerian;mario.valerian.20260230@facul.edu.br;+55 23 94913-1779;1996-01-30;C004;ATIVO
20260231;Superman Ember;superman.ember.20260231@facul.edu.br;+55 23 98125-7414;2002-12-08;C002;ATIVO
20260232;Hulk Kenobi;hulk.kenobi.20260232@facul.edu.br;+55 23 96314-9317;1998-12-08;C003;ATIVO
20260233;Greninja Kent;greninja.kent.20260233@facul.edu.br;+55 23 99107-2994;2004-04-16;C004;ATIVO
20260234;Greninja Blade;greninja.blade.20260234@facul.edu.br;+55 23 91043-6049;2001-11-29;C005;ATIVO
20260235;Wonder Atlas;wonder.atlas.20260235@facul.edu.br;+55 23 93877-2183;1997-05-14;C001;ATIVO
20260236;Ezio Raven;ezio.raven.20260236@facul.edu.br;+55 23 97558-3276;2003-09-28;C005;ATIVO
20260237;Espeon Echo;espeon.echo.20260237@facul.edu.br;+55 23 98415-1477;2006-07-16;C003;ATIVO
20260238;Psyduck Parker;psyduck.parker.20260238@facul.edu.br;+55 23 94459-1497;2000-11-05;C003;ATIVO
20260239;Dragonite Atlas;dragonite.atlas.20260239@facul.edu.br;+55 23 92568-4198;1995-08-25;C003;ATIVO
20260240;Greymon Echo;greymon.echo.20260240@facul.edu.br;+55 23 99028-8167;1998-02-12;C005;ATIVO
20260241;Loki Raven;loki.raven.20260241@facul.edu.br;+55 23 97113-6248;2002-03-09;C005;ATIVO
20260242;Gengar Stark;gengar.stark.20260242@facul.edu.br;+55 23 95944-6702;2003-04-20;C004;ATIVO
20260243;Garurumon Orion;garurumon.orion.20260243@facul.edu.br;+55 23 97495-7877;1996-08-29;C005;ATIVO
20260244;Luke Dawn;luke.dawn.20260244@facul.edu.br;+55 23 96285-8687;2002-07-23;C001;TRANCADO
20260245;Superman Prince;superman.prince.20260245@facul.edu.br;+55 23 92988-8997;2002-12-23;C005;ATIVO
20260246;Gatomon Grayson;gatomon.grayson.20260246@facul.edu.br;+55 23 97019-2160;1998-12-21;C003;ATIVO
20260247;Sonic Dawn;sonic.dawn.20260247@facul.edu.br;+55 23 98058-8432;1997-12-30;C002;ATIVO
20260248;Link Romanoff;link.romanoff.20260248@facul.edu.br;+55 23 98442-9087;2006-11-02;C003;ATIVO
20260249;Sonic Skywalker;sonic.skywalker.20260249@facul.edu.br;+55 23 98247-2388;1998-07-12;C003;ATIVO
20260250;Magikarp Nova;magikarp.nova.20260250@facul.edu.br;+55 23 99680-1439;2005-10-02;C003;ATIVO
20260251;Gabumon Kent;gabumon.kent.20260251@facul.edu.br;+55 23 99033-7809;1997-10-19;C003;ATIVO
20260252;Garurumon Parker;garurumon.parker.20260252@facul.edu.br;+55 23 93122-7170;1996-10-22;C005;ATIVO
20260253;Agumon Stark;agumon.stark.20260253@facul.edu.br;+55 23 97914-6804;2007-04-30;C004;ATIVO
20260254;Arthur Orion;arthur.orion.20260254@facul.edu.br;+55 23 96125-9916;2003-08-09;C001;ATIVO
20260255;Tony Drake;tony.drake.20260255@facul.edu.br;+55 23 98622-2768;2004-12-05;C003;ATIVO
20260256;Espeon Orion;espeon.orion.20260256@facul.edu.br;+55 23 98340-1717;1998-11-28;C002;ATIVO
20260257;Bulbasaur Ember;bulbasaur.ember.20260257@facul.edu.br;+55 23 92705-1171;1999-10-04;C004;ATIVO
20260258;Blastoise Blade;blastoise.blade.20260258@facul.edu.br;+55 23 97055-4799;2000-07-11;C005;ATIVO
20260259;Thor Stark;thor.stark.20260259@facul.edu.br;+55 23 94145-8141;1997-11-25;C005;ATIVO
20260260;Ciri Storm;ciri.storm.20260260@facul.edu.br;+55 23 94101-2300;1995-05-23;C005;ATIVO
20260261;Yennefer Raven;yennefer.raven.20260261@facul.edu.br;+55 23 97234-9633;2001-06-19;C003;ATIVO
20260262;Tony Drake;tony.drake.20260262@facul.edu.br;+55 23 92165-6272;2004-04-29;C004;ATIVO
20260263;ChunLi Skywalker;chunli.skywalker.20260263@facul.edu.br;+55 23 94637-8802;1996-02-09;C002;ATIVO
20260264;Biyomon Odinson;biyomon.odinson.20260264@facul.edu.br;+55 23 96294-9868;1999-05-13;C004;ATIVO
20260265;Aragorn Wayne;aragorn.wayne.20260265@facul.edu.br;+55 23 91523-3592;1995-01-31;C002;ATIVO
20260266;Aquaman Baggins;aquaman.baggins.20260266@facul.edu.br;+55 23 95722-3063;2003-09-21;C004;ATIVO
20260267;Anakin Shadow;anakin.shadow.20260267@facul.edu.br;+55 23 97838-8889;1998-11-08;C002;ATIVO
20260268;Snorlax Silver;snorlax.silver.20260268@facul.edu.br;+55 23 95551-2868;2002-09-04;C003;ATIVO
20260269;Leia Frost;leia.frost.20260269@facul.edu.br;+55 23 99478-7324;2002-02-04;C001;ATIVO
20260270;Veemon Raven;veemon.raven.20260270@facul.edu.br;+55 23 98879-2381;2000-10-22;C005;ATIVO
20260271;Mew Parker;mew.parker.20260271@facul.edu.br;+55 23 95483-6108;2006-09-02;C003;ATIVO
20260272;Greymon Kent;greymon.kent.20260272@facul.edu.br;+55 23 92181-8300;2001-03-05;C005;ATIVO
20260273;Greymon Stark;greymon.stark.20260273@facul.edu.br;+55 23 98630-6447;1999-08-22;C002;ATIVO
20260274;Thor Stone;thor.stone.20260274@facul.edu.br;+55 23 98459-2111;2003-09-22;C001;ATIVO
20260275;Thor Kent;thor.kent.20260275@facul.edu.br;+55 23 94560-9707;1998-04-19;C004;ATIVO
20260276;Garurumon Valerian;garurumon.valerian.20260276@facul.edu.br;+55 23 98885-8804;2007-11-11;C005;ATIVO
20260277;Leia Blade;leia.blade.20260277@facul.edu.br;+55 23 92189-2376;2002-01-15;C002;TRANCADO
20260278;Guilmon Frost;guilmon.frost.20260278@facul.edu.br;+55 23 93305-2490;1996-08-02;C003;TRANCADO
20260279;Kirby Stone;kirby.stone.20260279@facul.edu.br;+55 23 97445-1820;1995-09-08;C005;TRANCADO
20260280;Leomon Raven;leomon.raven.20260280@facul.edu.br;+55 23 93296-9376;2002-08-19;C001;ATIVO
20260281;Joel Blade;joel.blade.20260281@facul.edu.br;+55 23 94307-7910;2003-09-23;C003;ATIVO
20260282;Barry Stark;barry.stark.20260282@facul.edu.br;+55 23 99502-4587;2005-06-27;C005;ATIVO
20260283;Superman Night;superman.night.20260283@facul.edu.br;+55 23 93917-9743;1997-04-27;C003;ATIVO
20260284;Luigi Prince;luigi.prince.20260284@facul.edu.br;+55 23 95958-9007;2001-10-30;C002;ATIVO
20260285;Kratos Echo;kratos.echo.20260285@facul.edu.br;+55 23 99328-4937;2003-02-06;C001;ATIVO
20260286;Ditto Stark;ditto.stark.20260286@facul.edu.br;+55 23 91295-3351;2001-05-23;C003;TRANCADO
20260287;Atreus Stone;atreus.stone.20260287@facul.edu.br;+55 23 99474-2694;2002-02-07;C001;ATIVO
20260288;Gandalf Silver;gandalf.silver.20260288@facul.edu.br;+55 23 91296-6492;2004-09-15;C002;ATIVO
20260289;Frodo Kenobi;frodo.kenobi.20260289@facul.edu.br;+55 23 99128-3167;2004-01-18;C001;ATIVO
20260290;Diana Skywalker;diana.skywalker.20260290@facul.edu.br;+55 23 98785-8222;1997-06-11;C004;ATIVO
20260291;Vaporeon Romanoff;vaporeon.romanoff.20260291@facul.edu.br;+55 23 92387-8397;2003-02-20;C001;ATIVO
20260292;ChunLi Silver;chunli.silver.20260292@facul.edu.br;+55 23 92480-4265;2005-12-13;C001;ATIVO
20260293;Leomon Echo;leomon.echo.20260293@facul.edu.br;+55 23 96984-5349;1997-06-12;C004;TRANCADO
20260294;Ken Echo;ken.echo.20260294@facul.edu.br;+55 23 95860-8745;1996-12-29;C001;ATIVO
20260295;Joel Prince;joel.prince.20260295@facul.edu.br;+55 23 99945-4056;1999-12-08;C001;TRANCADO
20260296;Blastoise Stark;blastoise.stark.20260296@facul.edu.br;+55 23 96214-5469;2000-11-25;C005;ATIVO
20260297;Tentomon Odinson;tentomon.odinson.20260297@facul.edu.br;+55 23 94052-6933;2007-04-08;C004;CANCELADO
20260298;Guilmon Baggins;guilmon.baggins.20260298@facul.edu.br;+55 23 92280-7974;1997-05-03;C003;ATIVO
20260299;Sonic Raven;sonic.raven.20260299@facul.edu.br;+55 23 93324-3704;1999-05-22;C002;ATIVO
20260300;Luigi Echo;luigi.echo.20260300@facul.edu.br;+55 23 96501-6558;2004-07-15;C004;ATIVO
20260301;Umbreon Atlas;umbreon.atlas.20260301@facul.edu.br;+55 23 95047-2626;2002-03-25;C004;ATIVO
20260302;ChunLi Ember;chunli.ember.20260302@facul.edu.br;+55 23 97725-7293;1998-07-27;C002;ATIVO
20260303;Wormmon Baggins;wormmon.baggins.20260303@facul.edu.br;+55 23 99614-1337;2007-07-14;C002;ATIVO
20260304;Peter Maximus;peter.maximus.20260304@facul.edu.br;+55 23 93040-5210;2001-09-14;C005;ATIVO
20260305;Ryu Odinson;ryu.odinson.20260305@facul.edu.br;+55 23 91998-1706;2002-01-16;C003;ATIVO
20260306;Mew Storm;mew.storm.20260306@facul.edu.br;+55 23 93349-5978;1996-05-29;C001;ATIVO
20260307;Logan Kent;logan.kent.20260307@facul.edu.br;+55 23 99081-9199;2003-06-03;C005;TRANCADO
20260308;Greymon Orion;greymon.orion.20260308@facul.edu.br;+55 23 93492-2889;1999-12-18;C003;CANCELADO
20260309;Hulk Prince;hulk.prince.20260309@facul.edu.br;+55 23 96952-4634;2001-03-13;C004;ATIVO
20260310;Altair Valerian;altair.valerian.20260310@facul.edu.br;+55 23 99036-7718;2006-09-07;C003;TRANCADO
20260311;Gatomon Atlas;gatomon.atlas.20260311@facul.edu.br;+55 23 93750-2839;2007-01-30;C002;ATIVO
20260312;Superman Storm;superman.storm.20260312@facul.edu.br;+55 23 91990-7574;1998-04-24;C001;ATIVO
20260313;Barry Storm;barry.storm.20260313@facul.edu.br;+55 23 95730-2555;2005-03-29;C002;ATIVO
20260314;Guilmon Echo;guilmon.echo.20260314@facul.edu.br;+55 23 92729-3263;1998-06-26;C002;ATIVO
20260315;Ken Night;ken.night.20260315@facul.edu.br;+55 23 94589-8194;1997-10-17;C005;CANCELADO
20260316;Leia Atlas;leia.atlas.20260316@facul.edu.br;+55 23 94003-7595;2004-10-27;C001;ATIVO
20260317;Steve Prince;steve.prince.20260317@facul.edu.br;+55 23 98663-2370;1995-08-07;C001;ATIVO
20260318;Leia Atlas;leia.atlas.20260318@facul.edu.br;+55 23 93503-9112;1997-09-20;C005;ATIVO
20260319;Samus Odinson;samus.odinson.20260319@facul.edu.br;+55 23 98527-8608;2006-02-17;C001;ATIVO
20260320;Flareon Shadow;flareon.shadow.20260320@facul.edu.br;+55 23 94968-6113;1996-10-03;C003;ATIVO
20260321;Gabumon Raven;gabumon.raven.20260321@facul.edu.br;+55 23 95528-9338;2004-11-17;C005;TRANCADO
20260322;Gyarados Kent;gyarados.kent.20260322@facul.edu.br;+55 23 95667-9807;2001-05-28;C003;ATIVO
20260323;Mewtwo Shadow;mewtwo.shadow.20260323@facul.edu.br;+55 23 96804-2003;1998-08-23;C004;ATIVO
20260324;Geralt Phoenix;geralt.phoenix.20260324@facul.edu.br;+55 23 99009-2140;1998-12-17;C003;TRANCADO
20260325;Agumon Echo;agumon.echo.20260325@facul.edu.br;+55 23 91371-3996;1996-03-31;C001;ATIVO
20260326;Knuckles Romanoff;knuckles.romanoff.20260326@facul.edu.br;+55 23 95064-9060;2001-06-24;C001;ATIVO
20260327;Mew Skywalker;mew.skywalker.20260327@facul.edu.br;+55 23 99976-6752;2002-12-18;C002;TRANCADO
20260328;Umbreon Prince;umbreon.prince.20260328@facul.edu.br;+55 23 95602-2734;1996-09-08;C005;ATIVO
20260329;Charizard Stark;charizard.stark.20260329@facul.edu.br;+55 23 96855-5272;1996-07-13;C003;ATIVO
20260330;Leomon Night;leomon.night.20260330@facul.edu.br;+55 23 96871-6778;2004-03-14;C001;ATIVO
20260331;Leia Stone;leia.stone.20260331@facul.edu.br;+55 23 93800-2404;2005-01-03;C005;ATIVO
20260332;Aloy Frost;aloy.frost.20260332@facul.edu.br;+55 23 93611-5383;2000-03-14;C003;ATIVO
20260333;Leia Romanoff;leia.romanoff.20260333@facul.edu.br;+55 23 93627-1878;1997-10-02;C004;ATIVO
20260334;Vision Echo;vision.echo.20260334@facul.edu.br;+55 23 96306-6229;1998-03-23;C001;ATIVO
20260335;Aquaman Odinson;aquaman.odinson.20260335@facul.edu.br;+55 23 98731-4914;1997-02-19;C002;ATIVO
20260336;Steve Storm;steve.storm.20260336@facul.edu.br;+55 23 99142-4380;2003-03-22;C004;ATIVO
20260337;Lucario Raven;lucario.raven.20260337@facul.edu.br;+55 23 95010-9280;2002-11-01;C005;ATIVO
20260338;Batman Dawn;batman.dawn.20260338@facul.edu.br;+55 23 91986-1965;2000-11-25;C001;ATIVO
20260339;Aragorn Dawn;aragorn.dawn.20260339@facul.edu.br;+55 23 96493-3567;2007-08-22;C004;ATIVO
20260340;Bruce Frost;bruce.frost.20260340@facul.edu.br;+55 23 96633-4930;2005-08-16;C005;ATIVO
20260341;Arcanine Silver;arcanine.silver.20260341@facul.edu.br;+55 23 98483-5827;1998-04-05;C002;ATIVO
20260342;Mew Orion;mew.orion.20260342@facul.edu.br;+55 23 96850-5340;1999-05-22;C003;CANCELADO
20260343;Barry Phoenix;barry.phoenix.20260343@facul.edu.br;+55 23 94981-7912;2005-11-24;C004;ATIVO
20260344;Eevee Valerian;eevee.valerian.20260344@facul.edu.br;+55 23 93505-6980;1995-01-11;C003;ATIVO
20260345;Patamon Kent;patamon.kent.20260345@facul.edu.br;+55 23 98763-3324;1998-09-17;C004;TRANCADO
20260346;Espeon Grayson;espeon.grayson.20260346@facul.edu.br;+55 23 98076-5502;1995-10-11;C002;ATIVO
20260347;Geralt Prince;geralt.prince.20260347@facul.edu.br;+55 23 98505-8345;1997-11-20;C005;ATIVO
20260348;Selina Skywalker;selina.skywalker.20260348@facul.edu.br;+55 23 92411-9205;2001-08-24;C005;ATIVO
20260349;Gandalf Prince;gandalf.prince.20260349@facul.edu.br;+55 23 91093-4144;1997-10-02;C004;ATIVO
20260350;Ezio Nova;ezio.nova.20260350@facul.edu.br;+55 23 91850-5459;1995-11-13;C001;ATIVO
20260351;Gengar Grayson;gengar.grayson.20260351@facul.edu.br;+55 23 97163-9163;1996-12-14;C003;ATIVO
20260352;Tails Frost;tails.frost.20260352@facul.edu.br;+55 23 93463-1932;1995-09-28;C005;ATIVO
20260353;Batman Baggins;batman.baggins.20260353@facul.edu.br;+55 23 92617-6138;2001-12-18;C005;ATIVO
20260354;Frodo Parker;frodo.parker.20260354@facul.edu.br;+55 23 94095-3698;2007-03-10;C004;ATIVO
20260355;Anakin Blade;anakin.blade.20260355@facul.edu.br;+55 23 95711-8705;1995-11-22;C005;ATIVO
20260356;Thor Kenobi;thor.kenobi.20260356@facul.edu.br;+55 23 96823-8336;2005-11-02;C004;ATIVO
20260357;Luke Prince;luke.prince.20260357@facul.edu.br;+55 23 95405-4151;1996-06-25;C002;ATIVO
20260358;Lapras Baggins;lapras.baggins.20260358@facul.edu.br;+55 23 99705-9230;2005-10-30;C004;TRANCADO
20260359;Aloy Drake;aloy.drake.20260359@facul.edu.br;+55 23 93015-6895;2000-01-19;C005;ATIVO
20260360;Kirby Prince;kirby.prince.20260360@facul.edu.br;+55 23 96590-4812;2000-07-20;C004;ATIVO
20260361;Pikachu Banner;pikachu.banner.20260361@facul.edu.br;+55 23 95922-6718;2002-11-20;C004;TRANCADO
20260362;Frodo Storm;frodo.storm.20260362@facul.edu.br;+55 23 99664-5549;2005-12-02;C004;CANCELADO
20260363;Wormmon Skywalker;wormmon.skywalker.20260363@facul.edu.br;+55 23 91981-6462;1997-01-07;C001;ATIVO
20260364;Greninja Skywalker;greninja.skywalker.20260364@facul.edu.br;+55 23 92843-9745;1995-10-21;C005;ATIVO
20260365;Gandalf Kent;gandalf.kent.20260365@facul.edu.br;+55 23 95496-4913;1995-10-30;C004;ATIVO
20260366;Pikachu Prince;pikachu.prince.20260366@facul.edu.br;+55 23 94584-1167;2002-10-19;C001;TRANCADO
20260367;Gatomon Kenobi;gatomon.kenobi.20260367@facul.edu.br;+55 23 94135-3510;1997-09-20;C002;ATIVO
20260368;Joel Stone;joel.stone.20260368@facul.edu.br;+55 23 97235-9151;2001-04-21;C004;TRANCADO
20260369;Ezio Shadow;ezio.shadow.20260369@facul.edu.br;+55 23 96477-3424;1996-02-11;C003;ATIVO
20260370;Angemon Stark;angemon.stark.20260370@facul.edu.br;+55 23 97369-3522;2006-02-16;C002;ATIVO
20260371;Patamon Silver;patamon.silver.20260371@facul.edu.br;+55 23 97445-3846;2004-06-04;C004;ATIVO
20260372;Jigglypuff Odinson;jigglypuff.odinson.20260372@facul.edu.br;+55 23 97089-5716;2003-12-28;C002;ATIVO
20260373;Ciri Baggins;ciri.baggins.20260373@facul.edu.br;+55 23 91306-5010;1997-02-21;C001;ATIVO
20260374;Batman Banner;batman.banner.20260374@facul.edu.br;+55 23 95743-6704;2005-05-07;C001;ATIVO
20260375;Mew Baggins;mew.baggins.20260375@facul.edu.br;+55 23 94247-5563;1996-07-27;C005;ATIVO
20260376;Knuckles Valerian;knuckles.valerian.20260376@facul.edu.br;+55 23 99504-3761;1995-12-19;C003;ATIVO
20260377;Steve Raven;steve.raven.20260377@facul.edu.br;+55 23 93427-2593;1997-04-21;C004;ATIVO
20260378;Guilmon Shadow;guilmon.shadow.20260378@facul.edu.br;+55 23 94603-9880;2005-04-02;C001;TRANCADO
20260379;Greymon Stark;greymon.stark.20260379@facul.edu.br;+55 23 92143-7114;2002-07-07;C001;ATIVO
20260380;Impmon Baggins;impmon.baggins.20260380@facul.edu.br;+55 23 97418-1664;1995-09-11;C005;ATIVO
20260381;Yennefer Storm;yennefer.storm.20260381@facul.edu.br;+55 23 93298-5999;2006-02-09;C001;ATIVO
20260382;Aragorn Shadow;aragorn.shadow.20260382@facul.edu.br;+55 23 93037-4809;2001-11-28;C003;ATIVO
20260383;Vaporeon Echo;vaporeon.echo.20260383@facul.edu.br;+55 23 97876-5518;2003-05-13;C005;ATIVO
20260384;Veemon Raven;veemon.raven.20260384@facul.edu.br;+55 23 96406-5868;2000-07-19;C002;TRANCADO
20260385;Venusaur Dawn;venusaur.dawn.20260385@facul.edu.br;+55 23 96008-4729;1995-10-29;C005;ATIVO
20260386;Ken Ember;ken.ember.20260386@facul.edu.br;+55 23 91715-3151;1998-03-20;C002;ATIVO
20260387;Greninja Banner;greninja.banner.20260387@facul.edu.br;+55 23 94451-2346;1995-11-12;C002;TRANCADO
20260388;Loki Raven;loki.raven.20260388@facul.edu.br;+55 23 99073-7158;2007-09-01;C005;ATIVO
20260389;Ciri Blade;ciri.blade.20260389@facul.edu.br;+55 23 95141-9006;2007-03-07;C005;ATIVO
20260390;Bulbasaur Prince;bulbasaur.prince.20260390@facul.edu.br;+55 23 93759-7927;2003-09-20;C001;ATIVO
20260391;Gyarados Kent;gyarados.kent.20260391@facul.edu.br;+55 23 95809-3779;1999-05-01;C002;TRANCADO
20260392;Kirby Frost;kirby.frost.20260392@facul.edu.br;+55 23 98086-7606;2005-08-27;C002;ATIVO
20260393;Espeon Storm;espeon.storm.20260393@facul.edu.br;+55 23 96866-5392;2005-02-17;C005;ATIVO
20260394;Tails Frost;tails.frost.20260394@facul.edu.br;+55 23 95248-9363;2003-05-24;C001;TRANCADO
20260395;Frodo Frost;frodo.frost.20260395@facul.edu.br;+55 23 98822-3015;1996-11-03;C001;ATIVO
20260396;Mario Silver;mario.silver.20260396@facul.edu.br;+55 23 92420-2214;2002-02-11;C001;ATIVO
20260397;Link Blade;link.blade.20260397@facul.edu.br;+55 23 96391-7890;2001-08-17;C002;ATIVO
20260398;Altair Grayson;altair.grayson.20260398@facul.edu.br;+55 23 93748-8776;1998-02-24;C001;ATIVO
20260399;Gatomon Baggins;gatomon.baggins.20260399@facul.edu.br;+55 23 91625-7102;2002-12-26;C004;ATIVO
20260400;Psyduck Valerian;psyduck.valerian.20260400@facul.edu.br;+55 23 96190-7078;2007-03-21;C002;CANCELADO
20260401;Peter Drake;peter.drake.20260401@facul.edu.br;+55 23 95258-2649;2002-12-06;C003;ATIVO
20260402;Wanda Romanoff;wanda.romanoff.20260402@facul.edu.br;+55 23 92713-5128;1995-11-23;C001;ATIVO
20260403;Diana Prince;diana.prince.20260403@facul.edu.br;+55 23 96562-7683;2007-10-23;C005;ATIVO
20260404;Flash Wayne;flash.wayne.20260404@facul.edu.br;+55 23 94364-6633;1996-06-11;C005;ATIVO
20260405;Palmon Frost;palmon.frost.20260405@facul.edu.br;+55 23 96476-1549;2000-05-27;C005;ATIVO
20260406;Luigi Dawn;luigi.dawn.20260406@facul.edu.br;+55 23 99325-8062;2004-08-31;C004;ATIVO
20260407;Flash Raven;flash.raven.20260407@facul.edu.br;+55 23 92946-3009;2005-09-20;C005;ATIVO
20260408;Bulbasaur Stark;bulbasaur.stark.20260408@facul.edu.br;+55 23 97278-1287;1999-04-18;C004;ATIVO
20260409;Peter Phoenix;peter.phoenix.20260409@facul.edu.br;+55 23 95719-9076;1997-11-09;C003;ATIVO
20260410;Ciri Baggins;ciri.baggins.20260410@facul.edu.br;+55 23 95367-6406;2006-12-05;C004;TRANCADO
20260411;Ryu Nova;ryu.nova.20260411@facul.edu.br;+55 23 99111-1317;2005-04-20;C002;ATIVO
20260412;Knuckles Stone;knuckles.stone.20260412@facul.edu.br;+55 23 97835-7785;2006-06-09;C002;ATIVO
20260413;Gengar Frost;gengar.frost.20260413@facul.edu.br;+55 23 91347-2254;2007-04-18;C002;ATIVO
20260414;Barry Dawn;barry.dawn.20260414@facul.edu.br;+55 23 96538-9327;2000-01-04;C003;ATIVO
20260415;Snorlax Echo;snorlax.echo.20260415@facul.edu.br;+55 23 94886-5757;2002-03-24;C003;TRANCADO
20260416;Guilmon Raven;guilmon.raven.20260416@facul.edu.br;+55 23 94647-4651;2005-05-09;C004;ATIVO
20260417;Flareon Kenobi;flareon.kenobi.20260417@facul.edu.br;+55 23 99872-2586;2003-05-16;C005;ATIVO
20260418;Arcanine Prince;arcanine.prince.20260418@facul.edu.br;+55 23 99314-6162;2007-02-12;C003;TRANCADO
20260419;Geralt Storm;geralt.storm.20260419@facul.edu.br;+55 23 97141-2495;2004-11-23;C002;ATIVO
20260420;Aragorn Odinson;aragorn.odinson.20260420@facul.edu.br;+55 23 91530-2187;1999-09-07;C001;ATIVO
20260421;Aloy Maximus;aloy.maximus.20260421@facul.edu.br;+55 23 97501-1462;2001-08-16;C004;TRANCADO
20260422;Patamon Blade;patamon.blade.20260422@facul.edu.br;+55 23 97736-3424;2003-12-09;C001;TRANCADO
20260423;Zelda Ember;zelda.ember.20260423@facul.edu.br;+55 23 96056-5580;1996-02-08;C002;ATIVO
20260424;Lucario Atlas;lucario.atlas.20260424@facul.edu.br;+55 23 97176-5461;1996-04-29;C004;TRANCADO
20260425;Psyduck Kenobi;psyduck.kenobi.20260425@facul.edu.br;+55 23 99987-7280;1999-05-07;C002;ATIVO
20260426;Clint Grayson;clint.grayson.20260426@facul.edu.br;+55 23 96148-7408;1996-06-13;C003;ATIVO
20260427;Sonic Prince;sonic.prince.20260427@facul.edu.br;+55 23 91424-2770;2004-05-02;C003;ATIVO
20260428;Palmon Raven;palmon.raven.20260428@facul.edu.br;+55 23 94031-8747;1998-12-20;C002;ATIVO
20260429;Frodo Echo;frodo.echo.20260429@facul.edu.br;+55 23 92910-1708;1999-04-14;C005;TRANCADO
20260430;ChunLi Odinson;chunli.odinson.20260430@facul.edu.br;+55 23 94496-4309;2003-06-06;C003;ATIVO
20260431;Snorlax Banner;snorlax.banner.20260431@facul.edu.br;+55 23 99232-8770;2000-04-19;C003;ATIVO
20260432;Peter Ember;peter.ember.20260432@facul.edu.br;+55 23 99113-5365;2004-10-11;C004;ATIVO
20260433;Legolas Orion;legolas.orion.20260433@facul.edu.br;+55 23 92159-3296;2002-06-24;C003;ATIVO
20260434;Clint Orion;clint.orion.20260434@facul.edu.br;+55 23 92922-4602;2000-10-01;C005;ATIVO
20260435;Tentomon Valerian;tentomon.valerian.20260435@facul.edu.br;+55 23 97758-4038;2005-05-21;C005;ATIVO
20260436;Umbreon Valerian;umbreon.valerian.20260436@facul.edu.br;+55 23 94164-4114;2001-08-17;C004;ATIVO
20260437;Lapras Atlas;lapras.atlas.20260437@facul.edu.br;+55 23 92610-8820;1997-09-07;C002;ATIVO
20260438;Atreus Romanoff;atreus.romanoff.20260438@facul.edu.br;+55 23 91399-1321;2004-02-26;C002;ATIVO
20260439;Terriermon Dawn;terriermon.dawn.20260439@facul.edu.br;+55 23 92724-1549;2004-12-19;C003;ATIVO
20260440;Squirtle Silver;squirtle.silver.20260440@facul.edu.br;+55 23 93540-5489;1999-02-24;C004;ATIVO
20260441;Garurumon Banner;garurumon.banner.20260441@facul.edu.br;+55 23 92861-7532;2006-07-28;C002;ATIVO
20260442;Snorlax Prince;snorlax.prince.20260442@facul.edu.br;+55 23 99748-9573;2005-04-26;C004;ATIVO
20260443;Guilmon Phoenix;guilmon.phoenix.20260443@facul.edu.br;+55 23 94153-1201;2004-06-01;C001;CANCELADO
20260444;Aloy Nova;aloy.nova.20260444@facul.edu.br;+55 23 98717-8576;2006-08-19;C003;ATIVO
20260445;Lucario Echo;lucario.echo.20260445@facul.edu.br;+55 23 98126-5544;1998-12-30;C001;CANCELADO
20260446;Steve Odinson;steve.odinson.20260446@facul.edu.br;+55 23 98064-3843;2005-06-22;C001;ATIVO
20260447;Wormmon Skywalker;wormmon.skywalker.20260447@facul.edu.br;+55 23 94084-3409;2006-12-31;C003;ATIVO
20260448;Arthur Echo;arthur.echo.20260448@facul.edu.br;+55 23 95659-5989;2005-09-09;C003;ATIVO
20260449;Impmon Odinson;impmon.odinson.20260449@facul.edu.br;+55 23 97795-2870;2003-05-28;C005;ATIVO
20260450;Venusaur Night;venusaur.night.20260450@facul.edu.br;+55 23 91740-8225;1995-08-19;C003;ATIVO
20260451;Mew Phoenix;mew.phoenix.20260451@facul.edu.br;+55 23 95495-4918;2002-04-24;C005;ATIVO
20260452;Flareon Drake;flareon.drake.20260452@facul.edu.br;+55 23 93303-5041;2002-09-26;C005;ATIVO
20260453;Ditto Stone;ditto.stone.20260453@facul.edu.br;+55 23 97582-5044;2002-07-18;C003;CANCELADO
20260454;Aquaman Frost;aquaman.frost.20260454@facul.edu.br;+55 23 93918-7142;1997-05-04;C004;ATIVO
20260455;Yennefer Wayne;yennefer.wayne.20260455@facul.edu.br;+55 23 99120-2653;1995-03-21;C003;ATIVO
20260456;Biyomon Orion;biyomon.orion.20260456@facul.edu.br;+55 23 99889-4400;1999-06-18;C005;ATIVO
20260457;Steve Frost;steve.frost.20260457@facul.edu.br;+55 23 98261-2232;2004-10-18;C005;ATIVO
20260458;Gandalf Prince;gandalf.prince.20260458@facul.edu.br;+55 23 98960-8654;2004-11-18;C004;ATIVO
20260459;Monzaemon Phoenix;monzaemon.phoenix.20260459@facul.edu.br;+55 23 96206-8846;2003-01-31;C005;ATIVO
20260460;Atreus Grayson;atreus.grayson.20260460@facul.edu.br;+55 23 97564-5838;2005-09-18;C001;ATIVO
20260461;Guilmon Kent;guilmon.kent.20260461@facul.edu.br;+55 23 99367-5155;2003-01-17;C005;ATIVO
20260462;Steve Drake;steve.drake.20260462@facul.edu.br;+55 23 96106-1804;2007-04-15;C004;ATIVO
20260463;Gatomon Romanoff;gatomon.romanoff.20260463@facul.edu.br;+55 23 99824-3719;2000-12-26;C002;TRANCADO
20260464;Monzaemon Storm;monzaemon.storm.20260464@facul.edu.br;+55 23 92501-2201;1996-01-06;C003;ATIVO
20260465;Yennefer Raven;yennefer.raven.20260465@facul.edu.br;+55 23 98255-6485;1995-08-12;C003;ATIVO
20260466;Espeon Nova;espeon.nova.20260466@facul.edu.br;+55 23 99381-1796;2000-02-09;C005;ATIVO
20260467;Gyarados Kent;gyarados.kent.20260467@facul.edu.br;+55 23 91210-6868;1997-04-21;C003;ATIVO
20260468;Zelda Kent;zelda.kent.20260468@facul.edu.br;+55 23 94848-5969;2003-03-07;C004;ATIVO
20260469;Natasha Grayson;natasha.grayson.20260469@facul.edu.br;+55 23 97072-7526;2000-02-29;C003;ATIVO
20260470;Monzaemon Kent;monzaemon.kent.20260470@facul.edu.br;+55 23 97493-6198;2004-04-09;C003;TRANCADO
20260471;Agumon Grayson;agumon.grayson.20260471@facul.edu.br;+55 23 97104-4540;1999-11-02;C002;ATIVO
20260472;Guilmon Romanoff;guilmon.romanoff.20260472@facul.edu.br;+55 23 99750-9979;2004-10-11;C001;ATIVO
20260473;Agumon Valerian;agumon.valerian.20260473@facul.edu.br;+55 23 93721-5769;1995-10-29;C003;ATIVO
20260474;Biyomon Kenobi;biyomon.kenobi.20260474@facul.edu.br;+55 23 97338-5745;2005-12-08;C004;ATIVO
20260475;Aquaman Night;aquaman.night.20260475@facul.edu.br;+55 23 95889-2467;2000-09-24;C001;CANCELADO
20260476;Gandalf Ember;gandalf.ember.20260476@facul.edu.br;+55 23 94135-7113;2006-08-13;C001;ATIVO
20260477;Biyomon Nova;biyomon.nova.20260477@facul.edu.br;+55 23 99591-3566;2002-08-05;C004;ATIVO
20260478;Batman Prince;batman.prince.20260478@facul.edu.br;+55 23 93420-7915;2003-07-13;C001;TRANCADO
20260479;Monzaemon Valerian;monzaemon.valerian.20260479@facul.edu.br;+55 23 98419-9293;1999-01-15;C001;CANCELADO
20260480;Joel Parker;joel.parker.20260480@facul.edu.br;+55 23 92541-2081;1998-10-19;C003;ATIVO
20260481;Ezio Stone;ezio.stone.20260481@facul.edu.br;+55 23 99001-2487;1996-12-27;C003;ATIVO
20260482;Espeon Maximus;espeon.maximus.20260482@facul.edu.br;+55 23 91272-9372;2005-04-10;C001;ATIVO
20260483;Psyduck Dawn;psyduck.dawn.20260483@facul.edu.br;+55 23 99871-2846;2003-03-25;C002;ATIVO
20260484;Anakin Ember;anakin.ember.20260484@facul.edu.br;+55 23 97431-8237;2002-10-29;C002;ATIVO
20260485;Aquaman Wayne;aquaman.wayne.20260485@facul.edu.br;+55 23 94631-5098;2002-07-22;C003;ATIVO
20260486;Gengar Nova;gengar.nova.20260486@facul.edu.br;+55 23 95335-9500;2002-12-01;C002;ATIVO
20260487;Loki Grayson;loki.grayson.20260487@facul.edu.br;+55 23 91830-1405;2001-07-31;C002;ATIVO
20260488;Steve Shadow;steve.shadow.20260488@facul.edu.br;+55 23 98976-4226;1998-01-06;C004;ATIVO
20260489;Jolteon Parker;jolteon.parker.20260489@facul.edu.br;+55 23 99811-7579;2005-05-24;C001;ATIVO
20260490;Sonic Grayson;sonic.grayson.20260490@facul.edu.br;+55 23 91658-8115;1997-07-25;C002;ATIVO
20260491;Lapras Banner;lapras.banner.20260491@facul.edu.br;+55 23 99335-5404;2000-06-29;C004;ATIVO
20260492;Psyduck Ember;psyduck.ember.20260492@facul.edu.br;+55 23 96271-6402;2006-12-02;C005;ATIVO
20260493;Terriermon Wayne;terriermon.wayne.20260493@facul.edu.br;+55 23 96374-8184;1998-04-29;C001;ATIVO
20260494;Charizard Grayson;charizard.grayson.20260494@facul.edu.br;+55 23 96374-4463;1996-10-13;C005;TRANCADO
20260495;Flash Ember;flash.ember.20260495@facul.edu.br;+55 23 99862-4995;2000-10-09;C001;ATIVO
20260496;Loki Drake;loki.drake.20260496@facul.edu.br;+55 23 95582-9632;1999-10-06;C005;ATIVO
20260497;Selina Maximus;selina.maximus.20260497@facul.edu.br;+55 23 96019-8763;2004-05-04;C003;ATIVO
20260498;Bulbasaur Atlas;bulbasaur.atlas.20260498@facul.edu.br;+55 23 95487-6296;2000-10-02;C003;ATIVO
20260499;Bruce Odinson;bruce.odinson.20260499@facul.edu.br;+55 23 98944-3436;1999-02-13;C001;TRANCADO
20260500;Thor Parker;thor.parker.20260500@facul.edu.br;+55 23 96896-6873;1996-06-02;C001;ATIVO
20260501;Guilmon Raven;guilmon.raven.20260501@facul.edu.br;+55 23 98203-7224;2007-11-27;C004;ATIVO
20260502;Wormmon Storm;wormmon.storm.20260502@facul.edu.br;+55 23 97449-6540;2006-05-10;C001;ATIVO
20260503;Aragorn Shadow;aragorn.shadow.20260503@facul.edu.br;+55 23 98912-4858;1999-09-23;C004;ATIVO
20260504;Garurumon Blade;garurumon.blade.20260504@facul.edu.br;+55 23 95926-4855;2006-07-13;C001;ATIVO
20260505;Veemon Parker;veemon.parker.20260505@facul.edu.br;+55 23 96444-3736;1997-03-10;C003;ATIVO
20260506;Superman Night;superman.night.20260506@facul.edu.br;+55 23 96263-7149;2007-07-30;C001;ATIVO
20260507;Gabumon Blade;gabumon.blade.20260507@facul.edu.br;+55 23 95465-2765;2000-02-20;C004;ATIVO
20260508;Hulk Atlas;hulk.atlas.20260508@facul.edu.br;+55 23 98464-3722;2004-09-19;C005;ATIVO
20260509;Geralt Grayson;geralt.grayson.20260509@facul.edu.br;+55 23 95310-3647;1996-07-20;C003;ATIVO
20260510;Altair Frost;altair.frost.20260510@facul.edu.br;+55 23 91858-9111;2005-01-16;C005;ATIVO
20260511;Loki Frost;loki.frost.20260511@facul.edu.br;+55 23 97442-6890;2003-03-30;C005;TRANCADO
20260512;Flareon Silver;flareon.silver.20260512@facul.edu.br;+55 23 95289-5527;1998-01-18;C002;ATIVO
20260513;Sonic Wayne;sonic.wayne.20260513@facul.edu.br;+55 23 96310-1631;2001-10-11;C004;ATIVO
20260514;Gandalf Drake;gandalf.drake.20260514@facul.edu.br;+55 23 92097-6109;1998-09-01;C002;ATIVO
20260515;Impmon Raven;impmon.raven.20260515@facul.edu.br;+55 23 95901-8269;2005-04-19;C005;ATIVO
20260516;Ryu Ember;ryu.ember.20260516@facul.edu.br;+55 23 98122-8701;2002-10-28;C003;ATIVO
20260517;Arcanine Stark;arcanine.stark.20260517@facul.edu.br;+55 23 96364-4565;2003-07-06;C001;ATIVO
20260518;Lapras Odinson;lapras.odinson.20260518@facul.edu.br;+55 23 91243-4532;1997-10-19;C005;ATIVO
20260519;Aquaman Prince;aquaman.prince.20260519@facul.edu.br;+55 23 92982-1885;2001-04-30;C003;ATIVO
20260520;Agumon Wayne;agumon.wayne.20260520@facul.edu.br;+55 23 95128-4969;2006-01-17;C002;TRANCADO
20260521;Hulk Night;hulk.night.20260521@facul.edu.br;+55 23 94253-9561;1998-10-09;C001;TRANCADO
20260522;Tony Orion;tony.orion.20260522@facul.edu.br;+55 23 95130-3081;1995-09-25;C001;ATIVO
20260523;Anakin Skywalker;anakin.skywalker.20260523@facul.edu.br;+55 23 92686-8783;2005-04-26;C005;ATIVO
20260524;Gengar Kent;gengar.kent.20260524@facul.edu.br;+55 23 93035-9113;2002-05-30;C005;ATIVO
20260525;Vaporeon Valerian;vaporeon.valerian.20260525@facul.edu.br;+55 23 96105-6750;2001-11-13;C004;ATIVO
20260526;Bruce Kent;bruce.kent.20260526@facul.edu.br;+55 23 97704-9282;2003-10-28;C004;ATIVO
20260527;Dragonite Romanoff;dragonite.romanoff.20260527@facul.edu.br;+55 23 95584-1130;2002-06-25;C004;ATIVO
20260528;Impmon Skywalker;impmon.skywalker.20260528@facul.edu.br;+55 23 95599-9630;1997-08-21;C003;ATIVO
20260529;Lapras Blade;lapras.blade.20260529@facul.edu.br;+55 23 98212-7271;1998-03-06;C005;ATIVO
20260530;Wormmon Banner;wormmon.banner.20260530@facul.edu.br;+55 23 91226-7091;1996-10-22;C004;ATIVO
20260531;Leia Grayson;leia.grayson.20260531@facul.edu.br;+55 23 97595-4475;2005-07-20;C001;ATIVO
20260532;Mew Ember;mew.ember.20260532@facul.edu.br;+55 23 94359-8284;1995-01-21;C002;CANCELADO
20260533;ChunLi Raven;chunli.raven.20260533@facul.edu.br;+55 23 98190-7067;2006-10-25;C005;ATIVO
20260534;Garurumon Prince;garurumon.prince.20260534@facul.edu.br;+55 23 99749-7496;1999-09-27;C004;ATIVO
20260535;Psyduck Banner;psyduck.banner.20260535@facul.edu.br;+55 23 99177-8036;1995-09-21;C001;ATIVO
20260536;Squirtle Stark;squirtle.stark.20260536@facul.edu.br;+55 23 97465-2679;2001-09-04;C004;ATIVO
20260537;Bulbasaur Orion;bulbasaur.orion.20260537@facul.edu.br;+55 23 95461-2268;2007-04-27;C005;ATIVO
20260538;Venusaur Stone;venusaur.stone.20260538@facul.edu.br;+55 23 97698-1608;1999-05-13;C005;ATIVO
20260539;Leomon Night;leomon.night.20260539@facul.edu.br;+55 23 95055-2741;1997-12-04;C003;ATIVO
20260540;Selina Silver;selina.silver.20260540@facul.edu.br;+55 23 96027-1412;1997-02-06;C005;ATIVO
20260541;Jolteon Night;jolteon.night.20260541@facul.edu.br;+55 23 94513-5594;2004-02-07;C002;ATIVO
20260542;Gatomon Parker;gatomon.parker.20260542@facul.edu.br;+55 23 92028-1372;1995-06-10;C005;ATIVO
20260543;Lucario Stark;lucario.stark.20260543@facul.edu.br;+55 23 93185-2787;2006-09-20;C005;ATIVO
20260544;Arcanine Odinson;arcanine.odinson.20260544@facul.edu.br;+55 23 99936-8427;2000-11-23;C001;ATIVO
20260545;Lucario Valerian;lucario.valerian.20260545@facul.edu.br;+55 23 93701-9783;1995-08-29;C004;ATIVO
20260546;Greymon Skywalker;greymon.skywalker.20260546@facul.edu.br;+55 23 95943-4215;2003-09-28;C005;ATIVO
20260547;Greninja Silver;greninja.silver.20260547@facul.edu.br;+55 23 91324-6594;1999-08-08;C002;CANCELADO
20260548;Eevee Atlas;eevee.atlas.20260548@facul.edu.br;+55 23 96083-1684;2007-01-09;C004;TRANCADO
20260549;Biyomon Baggins;biyomon.baggins.20260549@facul.edu.br;+55 23 91543-7564;2006-12-25;C001;TRANCADO
20260550;Atreus Night;atreus.night.20260550@facul.edu.br;+55 23 94645-9319;2002-08-25;C004;TRANCADO
20260551;Vaporeon Kenobi;vaporeon.kenobi.20260551@facul.edu.br;+55 23 99215-2948;1998-04-28;C004;TRANCADO
20260552;Knuckles Frost;knuckles.frost.20260552@facul.edu.br;+55 23 98209-8109;1999-02-09;C004;ATIVO
20260553;Ellie Kenobi;ellie.kenobi.20260553@facul.edu.br;+55 23 95940-2654;2006-02-22;C005;ATIVO
20260554;Bruce Maximus;bruce.maximus.20260554@facul.edu.br;+55 23 92769-9090;1995-03-20;C003;TRANCADO
20260555;Umbreon Storm;umbreon.storm.20260555@facul.edu.br;+55 23 91807-5657;1996-12-13;C005;ATIVO
20260556;Logan Stone;logan.stone.20260556@facul.edu.br;+55 23 91356-6791;1999-11-23;C001;ATIVO
20260557;Veemon Valerian;veemon.valerian.20260557@facul.edu.br;+55 23 97796-5339;1995-06-25;C001;ATIVO
20260558;Loki Stone;loki.stone.20260558@facul.edu.br;+55 23 97838-7383;1998-11-27;C002;ATIVO
20260559;Batman Grayson;batman.grayson.20260559@facul.edu.br;+55 23 91576-4214;2002-11-28;C005;ATIVO
20260560;Atreus Baggins;atreus.baggins.20260560@facul.edu.br;+55 23 97361-3640;1999-04-12;C001;ATIVO
20260561;Tails Prince;tails.prince.20260561@facul.edu.br;+55 23 93628-5414;2006-11-01;C003;ATIVO
20260562;Flash Silver;flash.silver.20260562@facul.edu.br;+55 23 94291-1678;2002-03-21;C004;ATIVO
20260563;Mario Phoenix;mario.phoenix.20260563@facul.edu.br;+55 23 97309-1233;1995-02-16;C004;ATIVO
20260564;Veemon Echo;veemon.echo.20260564@facul.edu.br;+55 23 95709-7831;1998-06-14;C004;ATIVO
20260565;Superman Stone;superman.stone.20260565@facul.edu.br;+55 23 97826-6385;2000-05-28;C001;ATIVO
20260566;Angemon Blade;angemon.blade.20260566@facul.edu.br;+55 23 95030-9636;2004-12-28;C003;ATIVO
20260567;Arcanine Nova;arcanine.nova.20260567@facul.edu.br;+55 23 94868-3533;1999-07-02;C005;ATIVO
20260568;Barry Blade;barry.blade.20260568@facul.edu.br;+55 23 98371-9470;2002-05-16;C004;TRANCADO
20260569;Magikarp Shadow;magikarp.shadow.20260569@facul.edu.br;+55 23 99569-5471;2006-12-29;C004;ATIVO
20260570;Gandalf Maximus;gandalf.maximus.20260570@facul.edu.br;+55 23 93036-2995;2001-10-29;C002;ATIVO
20260571;Flash Raven;flash.raven.20260571@facul.edu.br;+55 23 93934-5820;2002-10-26;C001;ATIVO
20260572;Tentomon Phoenix;tentomon.phoenix.20260572@facul.edu.br;+55 23 94713-6062;1998-10-16;C001;ATIVO
20260573;Batman Blade;batman.blade.20260573@facul.edu.br;+55 23 91075-8854;1995-06-24;C005;ATIVO
20260574;Gengar Echo;gengar.echo.20260574@facul.edu.br;+55 23 99583-1889;2003-10-10;C001;ATIVO
20260575;Garurumon Shadow;garurumon.shadow.20260575@facul.edu.br;+55 23 94144-1817;2003-03-21;C005;ATIVO
20260576;Gandalf Valerian;gandalf.valerian.20260576@facul.edu.br;+55 23 93927-4374;2004-03-19;C001;ATIVO
20260577;Luke Banner;luke.banner.20260577@facul.edu.br;+55 23 97821-7297;2004-10-07;C002;ATIVO
20260578;Leomon Grayson;leomon.grayson.20260578@facul.edu.br;+55 23 99981-7151;2003-10-04;C002;ATIVO
20260579;Agumon Skywalker;agumon.skywalker.20260579@facul.edu.br;+55 23 96510-4764;1995-10-04;C002;ATIVO
20260580;Frodo Stark;frodo.stark.20260580@facul.edu.br;+55 23 97305-2958;2002-07-13;C002;ATIVO
20260581;Clint Frost;clint.frost.20260581@facul.edu.br;+55 23 93472-2538;2005-10-15;C001;ATIVO
20260582;Samus Frost;samus.frost.20260582@facul.edu.br;+55 23 96074-7086;2004-10-27;C002;ATIVO
20260583;Patamon Banner;patamon.banner.20260583@facul.edu.br;+55 23 96679-6762;2000-01-19;C004;ATIVO
20260584;Ken Kenobi;ken.kenobi.20260584@facul.edu.br;+55 23 95439-4587;1996-11-09;C001;ATIVO
20260585;Snorlax Silver;snorlax.silver.20260585@facul.edu.br;+55 23 97970-4047;1999-05-10;C002;ATIVO
20260586;Wanda Night;wanda.night.20260586@facul.edu.br;+55 23 97846-8334;2006-09-26;C001;ATIVO
20260587;Flash Grayson;flash.grayson.20260587@facul.edu.br;+55 23 97874-4945;2005-04-07;C003;ATIVO
20260588;Mewtwo Skywalker;mewtwo.skywalker.20260588@facul.edu.br;+55 23 92285-4705;1996-07-24;C001;ATIVO
20260589;Geralt Kent;geralt.kent.20260589@facul.edu.br;+55 23 97585-1152;1999-03-05;C001;ATIVO
20260590;Terriermon Nova;terriermon.nova.20260590@facul.edu.br;+55 23 97526-9505;2005-08-11;C004;ATIVO
20260591;Wanda Kent;wanda.kent.20260591@facul.edu.br;+55 23 97924-7455;2007-08-26;C003;ATIVO
20260592;Garurumon Drake;garurumon.drake.20260592@facul.edu.br;+55 23 92769-5953;2006-01-14;C003;ATIVO
20260593;Bruce Prince;bruce.prince.20260593@facul.edu.br;+55 23 92615-5982;2007-11-22;C002;ATIVO
20260594;Veemon Wayne;veemon.wayne.20260594@facul.edu.br;+55 23 99195-8332;1996-05-25;C003;CANCELADO
20260595;Aragorn Silver;aragorn.silver.20260595@facul.edu.br;+55 23 93015-6541;2002-12-27;C005;ATIVO
20260596;Kirby Storm;kirby.storm.20260596@facul.edu.br;+55 23 98807-2327;2005-06-30;C005;ATIVO
20260597;Atreus Parker;atreus.parker.20260597@facul.edu.br;+55 23 96605-4837;2003-05-04;C004;ATIVO
20260598;Ellie Prince;ellie.prince.20260598@facul.edu.br;+55 23 91606-5879;1999-03-09;C005;ATIVO
20260599;Logan Raven;logan.raven.20260599@facul.edu.br;+55 23 99668-4472;1998-01-14;C005;ATIVO
20260600;Knuckles Grayson;knuckles.grayson.20260600@facul.edu.br;+55 23 92659-5235;2007-04-04;C002;ATIVO
20260601;Thor Echo;thor.echo.20260601@facul.edu.br;+55 23 92466-4901;2002-11-14;C004;ATIVO
20260602;Anakin Baggins;anakin.baggins.20260602@facul.edu.br;+55 23 99874-7354;2000-11-28;C005;ATIVO
20260603;Selina Baggins;selina.baggins.20260603@facul.edu.br;+55 23 94042-5815;2001-08-24;C003;ATIVO
20260604;Geralt Stone;geralt.stone.20260604@facul.edu.br;+55 23 92717-7557;1995-07-04;C001;ATIVO
20260605;Snorlax Kenobi;snorlax.kenobi.20260605@facul.edu.br;+55 23 94647-3448;1998-12-29;C004;ATIVO
20260606;Hulk Wayne;hulk.wayne.20260606@facul.edu.br;+55 23 93883-1764;2007-02-06;C003;TRANCADO
20260607;Zelda Skywalker;zelda.skywalker.20260607@facul.edu.br;+55 23 99346-7692;2006-09-10;C002;ATIVO
20260608;Pikachu Atlas;pikachu.atlas.20260608@facul.edu.br;+55 23 91364-9260;1995-09-11;C005;ATIVO
20260609;Tails Nova;tails.nova.20260609@facul.edu.br;+55 23 91833-1547;2005-02-25;C003;ATIVO
20260610;Lucario Atlas;lucario.atlas.20260610@facul.edu.br;+55 23 99411-2651;2006-03-26;C001;ATIVO
20260611;Angemon Night;angemon.night.20260611@facul.edu.br;+55 23 92928-2181;2003-12-20;C001;ATIVO
20260612;Altair Grayson;altair.grayson.20260612@facul.edu.br;+55 23 94687-6128;2002-03-16;C005;ATIVO
20260613;Espeon Night;espeon.night.20260613@facul.edu.br;+55 23 94020-9509;2002-06-23;C002;ATIVO
20260614;Vaporeon Odinson;vaporeon.odinson.20260614@facul.edu.br;+55 23 97172-2724;2003-02-06;C001;CANCELADO
20260615;Aragorn Wayne;aragorn.wayne.20260615@facul.edu.br;+55 23 92669-2125;2001-04-07;C002;ATIVO
20260616;Gyarados Romanoff;gyarados.romanoff.20260616@facul.edu.br;+55 23 95543-4515;1996-02-10;C005;ATIVO
20260617;Thor Banner;thor.banner.20260617@facul.edu.br;+55 23 92651-4887;2002-01-30;C004;ATIVO
20260618;Zelda Banner;zelda.banner.20260618@facul.edu.br;+55 23 96859-1150;1998-12-09;C004;ATIVO
20260619;Diana Silver;diana.silver.20260619@facul.edu.br;+55 23 91137-2284;2004-07-07;C001;ATIVO
20260620;Monzaemon Stone;monzaemon.stone.20260620@facul.edu.br;+55 23 91720-2909;1995-05-24;C003;TRANCADO
20260621;Magikarp Maximus;magikarp.maximus.20260621@facul.edu.br;+55 23 95041-1862;1999-07-03;C002;CANCELADO
20260622;Blastoise Blade;blastoise.blade.20260622@facul.edu.br;+55 23 91187-7905;2005-01-25;C005;CANCELADO
20260623;Wanda Storm;wanda.storm.20260623@facul.edu.br;+55 23 99416-4345;2003-08-29;C004;ATIVO
20260624;Frodo Blade;frodo.blade.20260624@facul.edu.br;+55 23 92484-4167;1996-05-28;C002;ATIVO
20260625;Link Stark;link.stark.20260625@facul.edu.br;+55 23 91995-6861;2002-08-13;C004;ATIVO
20260626;Arthur Wayne;arthur.wayne.20260626@facul.edu.br;+55 23 97105-4205;2004-11-10;C005;ATIVO
20260627;Luigi Phoenix;luigi.phoenix.20260627@facul.edu.br;+55 23 94415-9951;2002-02-22;C004;ATIVO
20260628;Ditto Storm;ditto.storm.20260628@facul.edu.br;+55 23 98237-6260;2001-10-27;C001;ATIVO
20260629;Magikarp Echo;magikarp.echo.20260629@facul.edu.br;+55 23 91520-4834;1996-03-01;C002;ATIVO
20260630;Tentomon Silver;tentomon.silver.20260630@facul.edu.br;+55 23 91910-3145;1996-08-19;C001;ATIVO
20260631;Yennefer Orion;yennefer.orion.20260631@facul.edu.br;+55 23 98579-2817;1995-02-09;C003;ATIVO
20260632;Bruce Odinson;bruce.odinson.20260632@facul.edu.br;+55 23 91175-3711;1998-12-30;C001;ATIVO
20260633;Magikarp Valerian;magikarp.valerian.20260633@facul.edu.br;+55 23 95247-5054;2001-08-11;C001;ATIVO
20260634;Lapras Banner;lapras.banner.20260634@facul.edu.br;+55 23 91617-5681;1996-08-26;C002;TRANCADO
20260635;Steve Stark;steve.stark.20260635@facul.edu.br;+55 23 95453-4398;2001-06-21;C001;ATIVO
20260636;Leia Drake;leia.drake.20260636@facul.edu.br;+55 23 96484-6156;1997-07-10;C004;ATIVO
20260637;ChunLi Dawn;chunli.dawn.20260637@facul.edu.br;+55 23 93438-8753;2000-10-14;C005;ATIVO
20260638;Gatomon Odinson;gatomon.odinson.20260638@facul.edu.br;+55 23 98103-5969;1997-07-12;C003;ATIVO
20260639;Tails Shadow;tails.shadow.20260639@facul.edu.br;+55 23 92763-2414;1996-11-21;C002;ATIVO
20260640;Gabumon Echo;gabumon.echo.20260640@facul.edu.br;+55 23 96368-8184;1997-10-12;C004;ATIVO
20260641;Flash Wayne;flash.wayne.20260641@facul.edu.br;+55 23 94650-5538;1998-11-15;C005;ATIVO
20260642;Espeon Dawn;espeon.dawn.20260642@facul.edu.br;+55 23 91785-4455;2003-08-08;C003;ATIVO
20260643;Loki Wayne;loki.wayne.20260643@facul.edu.br;+55 23 92142-4742;2001-01-09;C005;ATIVO
20260644;Superman Drake;superman.drake.20260644@facul.edu.br;+55 23 95599-2797;2000-07-02;C005;ATIVO
20260645;Lapras Orion;lapras.orion.20260645@facul.edu.br;+55 23 98208-6627;1995-01-06;C004;ATIVO
20260646;Ditto Stark;ditto.stark.20260646@facul.edu.br;+55 23 95912-2465;2006-11-18;C003;ATIVO
20260647;Angemon Stark;angemon.stark.20260647@facul.edu.br;+55 23 96905-7360;2000-06-12;C001;ATIVO
20260648;Ditto Dawn;ditto.dawn.20260648@facul.edu.br;+55 23 96480-2134;2000-08-01;C001;ATIVO
20260649;Patamon Stark;patamon.stark.20260649@facul.edu.br;+55 23 95120-9275;2002-01-03;C003;TRANCADO
20260650;Batman Atlas;batman.atlas.20260650@facul.edu.br;+55 23 92838-7784;2002-12-21;C002;ATIVO
20260651;Link Raven;link.raven.20260651@facul.edu.br;+55 23 99794-5469;1999-10-02;C004;ATIVO
20260652;ChunLi Kent;chunli.kent.20260652@facul.edu.br;+55 23 98235-6195;1996-09-03;C004;ATIVO
20260653;Geralt Parker;geralt.parker.20260653@facul.edu.br;+55 23 94859-4732;2000-08-14;C005;CANCELADO
20260654;Leomon Odinson;leomon.odinson.20260654@facul.edu.br;+55 23 91982-3638;2005-01-09;C004;ATIVO
20260655;Atreus Kenobi;atreus.kenobi.20260655@facul.edu.br;+55 23 92692-2050;1999-11-18;C001;CANCELADO
20260656;Renamon Wayne;renamon.wayne.20260656@facul.edu.br;+55 23 95695-9679;1995-11-22;C002;ATIVO
20260657;Garurumon Dawn;garurumon.dawn.20260657@facul.edu.br;+55 23 92056-8681;2007-01-23;C004;ATIVO
20260658;Ellie Atlas;ellie.atlas.20260658@facul.edu.br;+55 23 98040-8549;1996-07-23;C001;ATIVO
20260659;Jolteon Odinson;jolteon.odinson.20260659@facul.edu.br;+55 23 95145-3533;2006-09-23;C001;ATIVO
20260660;Ditto Stark;ditto.stark.20260660@facul.edu.br;+55 23 94846-4395;2007-01-31;C002;ATIVO
20260661;Tails Valerian;tails.valerian.20260661@facul.edu.br;+55 23 95148-3466;2003-06-28;C004;ATIVO
20260662;Bulbasaur Skywalker;bulbasaur.skywalker.20260662@facul.edu.br;+55 23 94912-3790;2007-08-30;C003;ATIVO
20260663;Loki Kenobi;loki.kenobi.20260663@facul.edu.br;+55 23 93168-4935;2003-11-10;C005;ATIVO
20260664;Angemon Odinson;angemon.odinson.20260664@facul.edu.br;+55 23 95759-4692;2005-04-07;C002;ATIVO
20260665;Loki Valerian;loki.valerian.20260665@facul.edu.br;+55 23 91667-4198;2005-05-20;C004;ATIVO
20260666;Natasha Romanoff;natasha.romanoff.20260666@facul.edu.br;+55 23 92660-8157;1999-04-23;C003;TRANCADO
20260667;Squirtle Banner;squirtle.banner.20260667@facul.edu.br;+55 23 96361-6588;1998-06-19;C003;ATIVO
20260668;Jigglypuff Valerian;jigglypuff.valerian.20260668@facul.edu.br;+55 23 94936-8048;2006-01-19;C001;ATIVO
20260669;Leia Silver;leia.silver.20260669@facul.edu.br;+55 23 93060-7879;2002-08-14;C005;ATIVO
20260670;Jigglypuff Valerian;jigglypuff.valerian.20260670@facul.edu.br;+55 23 95052-4618;1997-09-06;C003;ATIVO
20260671;Garurumon Wayne;garurumon.wayne.20260671@facul.edu.br;+55 23 97790-2918;1996-09-19;C004;ATIVO
20260672;Wonder Orion;wonder.orion.20260672@facul.edu.br;+55 23 92474-6340;1996-11-28;C001;ATIVO
20260673;Frodo Kenobi;frodo.kenobi.20260673@facul.edu.br;+55 23 92265-4153;2003-06-15;C001;ATIVO
20260674;Kratos Kenobi;kratos.kenobi.20260674@facul.edu.br;+55 23 93918-8133;2004-02-24;C001;ATIVO
20260675;Bulbasaur Frost;bulbasaur.frost.20260675@facul.edu.br;+55 23 96712-5482;1996-08-11;C005;ATIVO
20260676;Atreus Ember;atreus.ember.20260676@facul.edu.br;+55 23 96027-1009;2007-11-12;C002;ATIVO
20260677;Wonder Shadow;wonder.shadow.20260677@facul.edu.br;+55 23 99200-8253;1997-07-15;C001;ATIVO
20260678;Peter Parker;peter.parker.20260678@facul.edu.br;+55 23 92630-1533;2004-09-28;C004;TRANCADO
20260679;Samus Silver;samus.silver.20260679@facul.edu.br;+55 23 97296-8930;1998-11-06;C001;ATIVO
20260680;Thor Valerian;thor.valerian.20260680@facul.edu.br;+55 23 93301-7318;1998-05-25;C001;ATIVO
20260681;Thor Stone;thor.stone.20260681@facul.edu.br;+55 23 92833-4279;1997-10-19;C002;ATIVO
20260682;Flash Storm;flash.storm.20260682@facul.edu.br;+55 23 91413-6970;2007-05-30;C001;ATIVO
20260683;Kirby Grayson;kirby.grayson.20260683@facul.edu.br;+55 23 93291-2249;2004-10-01;C005;ATIVO
20260684;Mewtwo Stark;mewtwo.stark.20260684@facul.edu.br;+55 23 93819-1558;1998-03-12;C004;ATIVO
20260685;Mew Stone;mew.stone.20260685@facul.edu.br;+55 23 92414-6692;2000-07-28;C001;ATIVO
20260686;Jigglypuff Prince;jigglypuff.prince.20260686@facul.edu.br;+55 23 91938-5072;2007-09-29;C005;ATIVO
20260687;Garurumon Frost;garurumon.frost.20260687@facul.edu.br;+55 23 99448-2390;1997-07-10;C001;ATIVO
20260688;Biyomon Skywalker;biyomon.skywalker.20260688@facul.edu.br;+55 23 94391-7407;2005-12-14;C004;ATIVO
20260689;Veemon Ember;veemon.ember.20260689@facul.edu.br;+55 23 95599-3714;2003-09-19;C002;ATIVO
20260690;Dragonite Silver;dragonite.silver.20260690@facul.edu.br;+55 23 96408-7597;1998-03-08;C002;ATIVO
20260691;Jolteon Parker;jolteon.parker.20260691@facul.edu.br;+55 23 91160-4118;2003-05-07;C003;ATIVO
20260692;Legolas Blade;legolas.blade.20260692@facul.edu.br;+55 23 92910-9609;1998-05-23;C002;ATIVO
20260693;Garurumon Phoenix;garurumon.phoenix.20260693@facul.edu.br;+55 23 93964-6946;2005-06-18;C003;ATIVO
20260694;Logan Prince;logan.prince.20260694@facul.edu.br;+55 23 91781-5585;1996-06-13;C005;ATIVO
20260695;Aquaman Prince;aquaman.prince.20260695@facul.edu.br;+55 23 99275-7326;2005-06-22;C005;ATIVO
20260696;Lucario Odinson;lucario.odinson.20260696@facul.edu.br;+55 23 98135-4054;1995-10-03;C001;ATIVO
20260697;Pikachu Stone;pikachu.stone.20260697@facul.edu.br;+55 23 97015-4554;2004-12-28;C002;ATIVO
20260698;Luke Valerian;luke.valerian.20260698@facul.edu.br;+55 23 99586-1744;1997-12-27;C001;ATIVO
20260699;Kirby Frost;kirby.frost.20260699@facul.edu.br;+55 23 92885-8511;2003-08-26;C001;ATIVO
20260700;Frodo Drake;frodo.drake.20260700@facul.edu.br;+55 23 95107-5500;2000-03-24;C003;ATIVO
20260701;Knuckles Orion;knuckles.orion.20260701@facul.edu.br;+55 23 94637-7685;2001-02-13;C003;ATIVO
20260702;Jolteon Drake;jolteon.drake.20260702@facul.edu.br;+55 23 97153-8983;2003-09-10;C002;ATIVO
20260703;Pikachu Romanoff;pikachu.romanoff.20260703@facul.edu.br;+55 23 96108-9645;1998-08-20;C002;ATIVO
20260704;Ryu Kenobi;ryu.kenobi.20260704@facul.edu.br;+55 23 95480-8092;1997-06-10;C005;ATIVO
20260705;Gatomon Parker;gatomon.parker.20260705@facul.edu.br;+55 23 93020-5331;1996-03-07;C003;ATIVO
20260706;Flash Night;flash.night.20260706@facul.edu.br;+55 23 99023-6042;2007-08-03;C004;ATIVO
20260707;Anakin Banner;anakin.banner.20260707@facul.edu.br;+55 23 95221-4512;1996-07-31;C003;TRANCADO
20260708;Arthur Kenobi;arthur.kenobi.20260708@facul.edu.br;+55 23 93298-1636;2007-08-11;C001;TRANCADO
20260709;Vision Banner;vision.banner.20260709@facul.edu.br;+55 23 94500-4046;2002-08-13;C001;ATIVO
20260710;Geralt Frost;geralt.frost.20260710@facul.edu.br;+55 23 92943-8039;2001-09-06;C001;TRANCADO
20260711;Ellie Atlas;ellie.atlas.20260711@facul.edu.br;+55 23 96039-7788;2005-06-10;C005;ATIVO
20260712;Palmon Storm;palmon.storm.20260712@facul.edu.br;+55 23 97517-6961;1998-09-28;C001;ATIVO
20260713;Zelda Baggins;zelda.baggins.20260713@facul.edu.br;+55 23 92424-7032;2006-08-08;C001;ATIVO
20260714;Flash Dawn;flash.dawn.20260714@facul.edu.br;+55 23 94677-1979;2004-04-20;C003;ATIVO
20260715;Natasha Frost;natasha.frost.20260715@facul.edu.br;+55 23 92945-1774;1999-11-14;C005;ATIVO
20260716;Ken Wayne;ken.wayne.20260716@facul.edu.br;+55 23 95467-4119;1996-08-19;C003;ATIVO
20260717;Peter Skywalker;peter.skywalker.20260717@facul.edu.br;+55 23 93248-5046;2002-07-18;C005;TRANCADO
20260718;Flash Valerian;flash.valerian.20260718@facul.edu.br;+55 23 91655-1625;2004-05-21;C001;ATIVO
20260719;Gabumon Atlas;gabumon.atlas.20260719@facul.edu.br;+55 23 94636-9713;1998-06-11;C002;ATIVO
20260720;Espeon Drake;espeon.drake.20260720@facul.edu.br;+55 23 91935-4261;1999-01-22;C002;ATIVO
20260721;Espeon Valerian;espeon.valerian.20260721@facul.edu.br;+55 23 98885-5343;2000-10-11;C004;ATIVO
20260722;Arcanine Ember;arcanine.ember.20260722@facul.edu.br;+55 23 92830-6199;2006-07-14;C002;ATIVO
20260723;Lucario Night;lucario.night.20260723@facul.edu.br;+55 23 93212-6457;2006-10-18;C003;ATIVO
20260724;Wonder Blade;wonder.blade.20260724@facul.edu.br;+55 23 96865-1713;2006-02-02;C005;CANCELADO
20260725;Vaporeon Night;vaporeon.night.20260725@facul.edu.br;+55 23 91732-7888;2004-12-10;C004;ATIVO
20260726;Sonic Drake;sonic.drake.20260726@facul.edu.br;+55 23 92167-5306;1999-06-27;C001;ATIVO
20260727;Wanda Raven;wanda.raven.20260727@facul.edu.br;+55 23 96496-5677;1995-06-13;C002;ATIVO
20260728;Sonic Kent;sonic.kent.20260728@facul.edu.br;+55 23 97998-4513;2005-09-15;C001;ATIVO
20260729;Diana Grayson;diana.grayson.20260729@facul.edu.br;+55 23 92215-5943;2002-10-16;C002;ATIVO
20260730;Wanda Ember;wanda.ember.20260730@facul.edu.br;+55 23 92238-9673;2001-03-24;C001;ATIVO
20260731;Biyomon Echo;biyomon.echo.20260731@facul.edu.br;+55 23 95953-4287;1999-10-22;C001;ATIVO
20260732;Kirby Stark;kirby.stark.20260732@facul.edu.br;+55 23 91279-3179;2004-02-29;C005;ATIVO
20260733;Logan Stone;logan.stone.20260733@facul.edu.br;+55 23 92181-1663;1996-11-15;C003;ATIVO
20260734;Knuckles Parker;knuckles.parker.20260734@facul.edu.br;+55 23 96105-8622;2006-10-02;C003;ATIVO
20260735;Leomon Grayson;leomon.grayson.20260735@facul.edu.br;+55 23 97616-1725;2002-09-07;C005;ATIVO
20260736;Psyduck Parker;psyduck.parker.20260736@facul.edu.br;+55 23 99504-3837;1997-06-05;C003;TRANCADO
20260737;Flareon Kenobi;flareon.kenobi.20260737@facul.edu.br;+55 23 96199-4504;1995-09-08;C005;ATIVO
20260738;Superman Odinson;superman.odinson.20260738@facul.edu.br;+55 23 96874-6461;1999-05-22;C003;ATIVO
20260739;Arcanine Orion;arcanine.orion.20260739@facul.edu.br;+55 23 99062-2886;1999-03-08;C004;ATIVO
20260740;Barry Phoenix;barry.phoenix.20260740@facul.edu.br;+55 23 97738-4486;1997-07-16;C004;ATIVO
20260741;Anakin Night;anakin.night.20260741@facul.edu.br;+55 23 99020-2359;2002-07-14;C005;ATIVO
20260742;Sonic Atlas;sonic.atlas.20260742@facul.edu.br;+55 23 95336-7633;1995-06-09;C004;ATIVO
20260743;Ellie Nova;ellie.nova.20260743@facul.edu.br;+55 23 95143-1220;2000-02-28;C002;ATIVO
20260744;Hulk Echo;hulk.echo.20260744@facul.edu.br;+55 23 97360-5706;2000-01-28;C001;TRANCADO
20260745;Leomon Orion;leomon.orion.20260745@facul.edu.br;+55 23 95102-5661;2004-05-09;C003;TRANCADO
20260746;Wonder Kent;wonder.kent.20260746@facul.edu.br;+55 23 97438-8041;2002-01-07;C002;TRANCADO
20260747;Garurumon Baggins;garurumon.baggins.20260747@facul.edu.br;+55 23 99728-7581;2004-06-04;C002;ATIVO
20260748;Gyarados Stark;gyarados.stark.20260748@facul.edu.br;+55 23 98293-3060;2003-02-02;C003;ATIVO
20260749;Steve Prince;steve.prince.20260749@facul.edu.br;+55 23 98952-2061;1997-05-05;C001;ATIVO
20260750;Magikarp Grayson;magikarp.grayson.20260750@facul.edu.br;+55 23 98345-7467;1998-06-02;C001;ATIVO
20260751;Aragorn Frost;aragorn.frost.20260751@facul.edu.br;+55 23 99773-1138;1996-05-31;C005;ATIVO
20260752;Hulk Grayson;hulk.grayson.20260752@facul.edu.br;+55 23 92128-8023;1997-10-02;C003;TRANCADO
20260753;Gabumon Echo;gabumon.echo.20260753@facul.edu.br;+55 23 93332-1802;2004-09-28;C001;ATIVO
20260754;Thor Atlas;thor.atlas.20260754@facul.edu.br;+55 23 97886-3366;2001-08-26;C005;ATIVO
20260755;Samus Valerian;samus.valerian.20260755@facul.edu.br;+55 23 97738-1011;1999-12-19;C005;ATIVO
20260756;Geralt Valerian;geralt.valerian.20260756@facul.edu.br;+55 23 92680-8314;2002-11-21;C004;TRANCADO
20260757;Gyarados Stone;gyarados.stone.20260757@facul.edu.br;+55 23 93911-7528;2005-06-29;C001;ATIVO
20260758;Sonic Wayne;sonic.wayne.20260758@facul.edu.br;+55 23 91123-6783;2006-05-15;C005;ATIVO
20260759;Bruce Odinson;bruce.odinson.20260759@facul.edu.br;+55 23 96585-3451;2004-06-29;C003;ATIVO
20260760;Kirby Stark;kirby.stark.20260760@facul.edu.br;+55 23 97186-2323;2004-10-18;C002;ATIVO
20260761;Gabumon Banner;gabumon.banner.20260761@facul.edu.br;+55 23 93045-2047;1997-10-06;C004;ATIVO
20260762;Yennefer Frost;yennefer.frost.20260762@facul.edu.br;+55 23 92950-5125;1997-06-07;C002;ATIVO
20260763;Arthur Odinson;arthur.odinson.20260763@facul.edu.br;+55 23 92708-3933;1997-07-06;C001;ATIVO
20260764;Jolteon Echo;jolteon.echo.20260764@facul.edu.br;+55 23 93844-2586;2001-07-09;C001;ATIVO
20260765;Ellie Wayne;ellie.wayne.20260765@facul.edu.br;+55 23 96335-8126;2004-08-04;C005;ATIVO
20260766;Samus Dawn;samus.dawn.20260766@facul.edu.br;+55 23 93449-9463;1998-08-25;C002;ATIVO
20260767;Aquaman Odinson;aquaman.odinson.20260767@facul.edu.br;+55 23 98193-3250;1997-03-30;C001;ATIVO
20260768;Umbreon Parker;umbreon.parker.20260768@facul.edu.br;+55 23 98466-2487;2006-10-12;C002;ATIVO
20260769;Thor Shadow;thor.shadow.20260769@facul.edu.br;+55 23 96599-6522;1996-06-25;C001;ATIVO
20260770;Snorlax Raven;snorlax.raven.20260770@facul.edu.br;+55 23 91786-3083;1999-01-20;C003;ATIVO
20260771;Selina Prince;selina.prince.20260771@facul.edu.br;+55 23 91362-4251;2000-04-19;C001;ATIVO
20260772;Ryu Atlas;ryu.atlas.20260772@facul.edu.br;+55 23 94374-7964;2005-06-04;C001;ATIVO
20260773;Guilmon Dawn;guilmon.dawn.20260773@facul.edu.br;+55 23 97841-3268;1997-02-15;C001;ATIVO
20260774;Batman Phoenix;batman.phoenix.20260774@facul.edu.br;+55 23 94446-2034;1998-08-21;C005;ATIVO
20260775;Clint Phoenix;clint.phoenix.20260775@facul.edu.br;+55 23 98261-7873;2003-09-01;C002;ATIVO
20260776;Leomon Kent;leomon.kent.20260776@facul.edu.br;+55 23 94192-3878;2002-07-05;C002;ATIVO
20260777;Impmon Nova;impmon.nova.20260777@facul.edu.br;+55 23 99640-7690;2005-09-28;C001;TRANCADO
20260778;Jolteon Phoenix;jolteon.phoenix.20260778@facul.edu.br;+55 23 98825-1266;1998-08-07;C004;TRANCADO
20260779;Aquaman Orion;aquaman.orion.20260779@facul.edu.br;+55 23 91414-4715;1998-04-08;C005;ATIVO
20260780;Arthur Dawn;arthur.dawn.20260780@facul.edu.br;+55 23 92599-7772;2001-11-27;C001;ATIVO
20260781;Gabumon Dawn;gabumon.dawn.20260781@facul.edu.br;+55 23 91894-3752;2004-10-15;C004;ATIVO
20260782;Charizard Night;charizard.night.20260782@facul.edu.br;+55 23 92597-7386;1996-12-16;C003;ATIVO
20260783;Tails Valerian;tails.valerian.20260783@facul.edu.br;+55 23 92486-4128;1995-07-02;C001;ATIVO
20260784;Hulk Echo;hulk.echo.20260784@facul.edu.br;+55 23 97511-1248;1996-07-03;C001;TRANCADO
20260785;Gabumon Nova;gabumon.nova.20260785@facul.edu.br;+55 23 95404-4658;2001-05-08;C002;ATIVO
20260786;Ken Blade;ken.blade.20260786@facul.edu.br;+55 23 94333-8736;2005-08-03;C002;TRANCADO
20260787;Batman Atlas;batman.atlas.20260787@facul.edu.br;+55 23 98150-5119;1997-06-08;C003;ATIVO
20260788;Luke Drake;luke.drake.20260788@facul.edu.br;+55 23 99248-2954;2007-01-01;C002;ATIVO
20260789;Bruce Orion;bruce.orion.20260789@facul.edu.br;+55 23 97010-5458;2002-03-30;C001;ATIVO
20260790;Wanda Maximus;wanda.maximus.20260790@facul.edu.br;+55 23 99802-9212;2002-06-04;C003;ATIVO
20260791;Atreus Atlas;atreus.atlas.20260791@facul.edu.br;+55 23 99677-7802;2000-05-27;C005;ATIVO
20260792;Natasha Silver;natasha.silver.20260792@facul.edu.br;+55 23 94827-3466;2003-12-13;C004;ATIVO
20260793;Luke Ember;luke.ember.20260793@facul.edu.br;+55 23 95262-8801;2004-12-16;C001;ATIVO
20260794;Venusaur Nova;venusaur.nova.20260794@facul.edu.br;+55 23 96857-6519;2004-01-16;C004;ATIVO
20260795;Gyarados Drake;gyarados.drake.20260795@facul.edu.br;+55 23 96775-5792;1997-05-19;C004;ATIVO
20260796;Lapras Storm;lapras.storm.20260796@facul.edu.br;+55 23 98189-5548;2002-02-18;C002;ATIVO
20260797;Ditto Night;ditto.night.20260797@facul.edu.br;+55 23 99724-6456;2003-11-09;C001;ATIVO
20260798;Batman Parker;batman.parker.20260798@facul.edu.br;+55 23 97801-8481;2005-12-13;C003;ATIVO
20260799;Snorlax Valerian;snorlax.valerian.20260799@facul.edu.br;+55 23 95173-1120;2003-04-16;C002;ATIVO
20260800;Link Orion;link.orion.20260800@facul.edu.br;+55 23 92448-3545;1999-04-11;C003;ATIVO
20260801;Magikarp Frost;magikarp.frost.20260801@facul.edu.br;+55 23 91831-2337;2006-12-29;C004;TRANCADO
20260802;Selina Storm;selina.storm.20260802@facul.edu.br;+55 23 95794-5101;1998-05-15;C005;ATIVO
20260803;Anakin Stark;anakin.stark.20260803@facul.edu.br;+55 23 91974-2680;2004-03-12;C005;ATIVO
20260804;ChunLi Maximus;chunli.maximus.20260804@facul.edu.br;+55 23 96884-8631;2007-01-18;C004;CANCELADO
20260805;Greninja Raven;greninja.raven.20260805@facul.edu.br;+55 23 92334-1425;2001-11-01;C005;ATIVO
20260806;Altair Wayne;altair.wayne.20260806@facul.edu.br;+55 23 95256-9481;2004-10-15;C005;ATIVO
20260807;Veemon Silver;veemon.silver.20260807@facul.edu.br;+55 23 98377-8927;2006-09-08;C005;ATIVO
20260808;Luke Atlas;luke.atlas.20260808@facul.edu.br;+55 23 95828-4192;2003-04-05;C004;ATIVO
20260809;Garurumon Drake;garurumon.drake.20260809@facul.edu.br;+55 23 96885-8491;2003-12-27;C005;ATIVO
20260810;Thor Kent;thor.kent.20260810@facul.edu.br;+55 23 93463-3802;2000-01-27;C003;CANCELADO
20260811;Aquaman Shadow;aquaman.shadow.20260811@facul.edu.br;+55 23 92919-7532;1996-06-03;C004;ATIVO
20260812;Renamon Skywalker;renamon.skywalker.20260812@facul.edu.br;+55 23 91327-5926;1996-03-08;C004;ATIVO
20260813;Jigglypuff Parker;jigglypuff.parker.20260813@facul.edu.br;+55 23 96867-6824;2007-06-25;C003;ATIVO
20260814;Angemon Baggins;angemon.baggins.20260814@facul.edu.br;+55 23 96459-9019;2004-07-11;C003;ATIVO
20260815;Umbreon Prince;umbreon.prince.20260815@facul.edu.br;+55 23 95150-1119;2000-02-09;C003;ATIVO
20260816;Aloy Odinson;aloy.odinson.20260816@facul.edu.br;+55 23 98992-4879;2004-04-15;C001;ATIVO
20260817;Superman Storm;superman.storm.20260817@facul.edu.br;+55 23 95441-3575;1997-02-14;C001;ATIVO
20260818;Veemon Romanoff;veemon.romanoff.20260818@facul.edu.br;+55 23 97925-2628;2004-11-07;C002;ATIVO
20260819;Bulbasaur Baggins;bulbasaur.baggins.20260819@facul.edu.br;+55 23 98613-8997;2001-03-28;C002;ATIVO
20260820;Gatomon Echo;gatomon.echo.20260820@facul.edu.br;+55 23 93282-6004;2005-01-16;C005;TRANCADO
20260821;Magikarp Maximus;magikarp.maximus.20260821@facul.edu.br;+55 23 91124-6508;2004-03-15;C001;ATIVO
20260822;Eevee Drake;eevee.drake.20260822@facul.edu.br;+55 23 94088-7159;2004-09-30;C002;ATIVO
20260823;Guilmon Prince;guilmon.prince.20260823@facul.edu.br;+55 23 91527-5290;2000-12-07;C003;ATIVO
20260824;Garurumon Silver;garurumon.silver.20260824@facul.edu.br;+55 23 98155-9195;1995-07-24;C001;TRANCADO
20260825;Ellie Blade;ellie.blade.20260825@facul.edu.br;+55 23 97566-6596;2002-06-28;C002;ATIVO
20260826;Espeon Kenobi;espeon.kenobi.20260826@facul.edu.br;+55 23 91714-4659;2006-08-23;C002;ATIVO
20260827;Natasha Skywalker;natasha.skywalker.20260827@facul.edu.br;+55 23 96048-8240;1996-05-06;C004;ATIVO
20260828;Jolteon Odinson;jolteon.odinson.20260828@facul.edu.br;+55 23 97335-5603;2007-03-05;C001;ATIVO
20260829;Atreus Maximus;atreus.maximus.20260829@facul.edu.br;+55 23 92584-9669;1997-01-01;C005;ATIVO
20260830;Arthur Night;arthur.night.20260830@facul.edu.br;+55 23 94081-5439;2004-07-07;C002;ATIVO
20260831;Wanda Kenobi;wanda.kenobi.20260831@facul.edu.br;+55 23 95861-9613;2001-04-28;C005;ATIVO
20260832;Steve Prince;steve.prince.20260832@facul.edu.br;+55 23 96388-2206;2006-10-07;C001;ATIVO
20260833;Selina Frost;selina.frost.20260833@facul.edu.br;+55 23 91399-3775;1996-03-02;C004;ATIVO
20260834;Diana Stone;diana.stone.20260834@facul.edu.br;+55 23 95719-6380;2003-12-04;C005;ATIVO
20260835;Batman Romanoff;batman.romanoff.20260835@facul.edu.br;+55 23 96116-2661;2005-02-01;C002;TRANCADO
20260836;Squirtle Silver;squirtle.silver.20260836@facul.edu.br;+55 23 95893-1097;1999-10-31;C001;ATIVO
20260837;Vaporeon Wayne;vaporeon.wayne.20260837@facul.edu.br;+55 23 91992-3702;2000-09-29;C004;ATIVO
20260838;Vaporeon Nova;vaporeon.nova.20260838@facul.edu.br;+55 23 92683-5426;1997-05-03;C005;CANCELADO
20260839;Clint Stone;clint.stone.20260839@facul.edu.br;+55 23 99091-5120;2004-08-13;C004;ATIVO
20260840;Squirtle Raven;squirtle.raven.20260840@facul.edu.br;+55 23 93764-4613;1997-12-05;C001;ATIVO
20260841;Mewtwo Prince;mewtwo.prince.20260841@facul.edu.br;+55 23 98683-6021;1999-01-06;C002;ATIVO
20260842;Bruce Romanoff;bruce.romanoff.20260842@facul.edu.br;+55 23 99544-3595;2002-09-08;C003;ATIVO
20260843;Vision Skywalker;vision.skywalker.20260843@facul.edu.br;+55 23 92052-4322;1996-05-01;C001;ATIVO
20260844;Snorlax Maximus;snorlax.maximus.20260844@facul.edu.br;+55 23 94748-3006;2004-04-12;C005;ATIVO
20260845;Frodo Odinson;frodo.odinson.20260845@facul.edu.br;+55 23 97704-6478;2002-07-12;C003;ATIVO
20260846;Tentomon Ember;tentomon.ember.20260846@facul.edu.br;+55 23 94621-5778;1998-06-16;C004;ATIVO
20260847;Dragonite Valerian;dragonite.valerian.20260847@facul.edu.br;+55 23 99818-5108;1996-10-11;C002;ATIVO
20260848;Atreus Skywalker;atreus.skywalker.20260848@facul.edu.br;+55 23 94487-4042;2006-03-18;C005;TRANCADO
20260849;Guilmon Kenobi;guilmon.kenobi.20260849@facul.edu.br;+55 23 96177-1287;2006-03-02;C005;TRANCADO
20260850;Tony Atlas;tony.atlas.20260850@facul.edu.br;+55 23 93215-1890;1995-03-10;C001;ATIVO
20260851;Arcanine Storm;arcanine.storm.20260851@facul.edu.br;+55 23 93212-5977;1996-07-05;C001;ATIVO
20260852;Thor Frost;thor.frost.20260852@facul.edu.br;+55 23 91554-9910;2002-01-18;C004;CANCELADO
20260853;Ditto Shadow;ditto.shadow.20260853@facul.edu.br;+55 23 99862-5979;2000-05-18;C004;CANCELADO
20260854;Kirby Storm;kirby.storm.20260854@facul.edu.br;+55 23 98652-3341;2003-01-13;C002;ATIVO
20260855;Renamon Shadow;renamon.shadow.20260855@facul.edu.br;+55 23 91774-8441;1998-12-09;C003;ATIVO
20260856;Kirby Echo;kirby.echo.20260856@facul.edu.br;+55 23 97572-6647;2000-02-06;C002;TRANCADO
20260857;Greninja Wayne;greninja.wayne.20260857@facul.edu.br;+55 23 99986-1558;2005-05-21;C005;ATIVO
20260858;Renamon Silver;renamon.silver.20260858@facul.edu.br;+55 23 99029-7914;2006-02-08;C004;ATIVO
20260859;Blastoise Wayne;blastoise.wayne.20260859@facul.edu.br;+55 23 96064-6000;2007-04-26;C004;ATIVO
20260860;Tails Raven;tails.raven.20260860@facul.edu.br;+55 23 96060-5458;1997-05-22;C002;ATIVO
20260861;Arthur Shadow;arthur.shadow.20260861@facul.edu.br;+55 23 93413-3993;2005-05-26;C003;TRANCADO
20260862;Greninja Echo;greninja.echo.20260862@facul.edu.br;+55 23 95645-5304;2000-10-29;C005;TRANCADO
20260863;Diana Raven;diana.raven.20260863@facul.edu.br;+55 23 95994-7948;2001-05-28;C003;TRANCADO
20260864;Gabumon Kenobi;gabumon.kenobi.20260864@facul.edu.br;+55 23 92635-7616;1995-04-17;C005;ATIVO
20260865;Aragorn Wayne;aragorn.wayne.20260865@facul.edu.br;+55 23 99285-2547;1997-04-14;C001;TRANCADO
20260866;Magikarp Stone;magikarp.stone.20260866@facul.edu.br;+55 23 91096-5063;1995-11-14;C003;ATIVO
20260867;Mew Odinson;mew.odinson.20260867@facul.edu.br;+55 23 92282-3804;2002-01-30;C002;ATIVO
20260868;Barry Prince;barry.prince.20260868@facul.edu.br;+55 23 95368-6438;2000-02-16;C001;ATIVO
20260869;Bulbasaur Romanoff;bulbasaur.romanoff.20260869@facul.edu.br;+55 23 98886-5349;2007-08-09;C004;ATIVO
20260870;Dragonite Maximus;dragonite.maximus.20260870@facul.edu.br;+55 23 92274-4119;2004-03-28;C003;ATIVO
20260871;Aloy Baggins;aloy.baggins.20260871@facul.edu.br;+55 23 96823-6042;2000-07-19;C005;ATIVO
20260872;Frodo Baggins;frodo.baggins.20260872@facul.edu.br;+55 23 91411-9117;2007-08-30;C003;CANCELADO
20260873;Veemon Kent;veemon.kent.20260873@facul.edu.br;+55 23 97327-5200;1996-10-09;C005;ATIVO
20260874;Kratos Raven;kratos.raven.20260874@facul.edu.br;+55 23 93177-9506;2006-09-22;C004;ATIVO
20260875;Tentomon Dawn;tentomon.dawn.20260875@facul.edu.br;+55 23 99992-4267;1995-04-04;C005;ATIVO
20260876;Aragorn Stark;aragorn.stark.20260876@facul.edu.br;+55 23 92345-2004;2001-02-28;C002;ATIVO
20260877;Tony Nova;tony.nova.20260877@facul.edu.br;+55 23 94302-5970;1996-09-16;C001;ATIVO
20260878;Flareon Odinson;flareon.odinson.20260878@facul.edu.br;+55 23 99830-5091;1995-10-14;C005;ATIVO
20260879;Monzaemon Odinson;monzaemon.odinson.20260879@facul.edu.br;+55 23 99612-9365;1998-07-22;C001;ATIVO
20260880;Mew Skywalker;mew.skywalker.20260880@facul.edu.br;+55 23 92074-9975;1999-01-06;C001;ATIVO
20260881;Kratos Odinson;kratos.odinson.20260881@facul.edu.br;+55 23 97787-9724;2004-05-03;C002;ATIVO
20260882;Atreus Phoenix;atreus.phoenix.20260882@facul.edu.br;+55 23 92003-7747;1999-03-11;C001;ATIVO
20260883;Arthur Storm;arthur.storm.20260883@facul.edu.br;+55 23 92038-9234;2001-06-24;C004;ATIVO
20260884;Diana Orion;diana.orion.20260884@facul.edu.br;+55 23 93766-2094;2006-05-28;C002;ATIVO
20260885;Garurumon Storm;garurumon.storm.20260885@facul.edu.br;+55 23 98198-7681;2001-01-18;C005;ATIVO
20260886;Umbreon Storm;umbreon.storm.20260886@facul.edu.br;+55 23 95151-7428;2002-07-10;C001;ATIVO
20260887;Gatomon Atlas;gatomon.atlas.20260887@facul.edu.br;+55 23 91856-6022;2007-07-16;C001;ATIVO
20260888;Natasha Kent;natasha.kent.20260888@facul.edu.br;+55 23 93089-1147;1996-07-01;C005;ATIVO
20260889;Aragorn Romanoff;aragorn.romanoff.20260889@facul.edu.br;+55 23 92110-8791;1998-12-01;C004;ATIVO
20260890;Gengar Ember;gengar.ember.20260890@facul.edu.br;+55 23 94537-8372;2004-05-05;C004;ATIVO
20260891;Bruce Storm;bruce.storm.20260891@facul.edu.br;+55 23 93193-1337;2000-05-14;C001;ATIVO
20260892;Psyduck Stark;psyduck.stark.20260892@facul.edu.br;+55 23 92923-7751;1997-02-08;C003;CANCELADO
20260893;Umbreon Baggins;umbreon.baggins.20260893@facul.edu.br;+55 23 94388-8231;2006-05-23;C004;ATIVO
20260894;Gyarados Dawn;gyarados.dawn.20260894@facul.edu.br;+55 23 95422-7688;2004-08-31;C005;ATIVO
20260895;Link Prince;link.prince.20260895@facul.edu.br;+55 23 91419-9600;1995-06-03;C005;ATIVO
20260896;Tails Baggins;tails.baggins.20260896@facul.edu.br;+55 23 92101-5999;2003-05-18;C004;CANCELADO
20260897;Vaporeon Drake;vaporeon.drake.20260897@facul.edu.br;+55 23 97910-1077;2007-12-08;C005;ATIVO
20260898;Palmon Wayne;palmon.wayne.20260898@facul.edu.br;+55 23 96462-3263;1996-01-22;C004;ATIVO
20260899;Joel Phoenix;joel.phoenix.20260899@facul.edu.br;+55 23 91414-5747;1998-01-05;C003;ATIVO
20260900;Ezio Raven;ezio.raven.20260900@facul.edu.br;+55 23 94374-8657;2007-07-20;C004;ATIVO
20260901;Pikachu Wayne;pikachu.wayne.20260901@facul.edu.br;+55 23 92276-3078;1998-07-30;C002;ATIVO
20260902;Mew Wayne;mew.wayne.20260902@facul.edu.br;+55 23 92397-9116;1999-07-25;C002;ATIVO
20260903;Jolteon Valerian;jolteon.valerian.20260903@facul.edu.br;+55 23 91260-2617;1996-05-14;C001;ATIVO
20260904;Luke Odinson;luke.odinson.20260904@facul.edu.br;+55 23 94041-1310;1999-08-18;C003;ATIVO
20260905;Palmon Valerian;palmon.valerian.20260905@facul.edu.br;+55 23 92353-9419;2005-01-18;C005;ATIVO
20260906;Kratos Silver;kratos.silver.20260906@facul.edu.br;+55 23 94403-9891;2004-07-19;C003;ATIVO
20260907;Sonic Echo;sonic.echo.20260907@facul.edu.br;+55 23 99397-3776;2006-04-17;C004;ATIVO
20260908;Anakin Stark;anakin.stark.20260908@facul.edu.br;+55 23 94950-8355;2002-10-10;C005;ATIVO
20260909;Vaporeon Kenobi;vaporeon.kenobi.20260909@facul.edu.br;+55 23 96431-8720;2004-11-15;C005;ATIVO
20260910;Kratos Stark;kratos.stark.20260910@facul.edu.br;+55 23 98533-3891;2007-02-23;C002;ATIVO
20260911;Bruce Parker;bruce.parker.20260911@facul.edu.br;+55 23 91310-1878;2000-01-20;C003;ATIVO
20260912;Pikachu Frost;pikachu.frost.20260912@facul.edu.br;+55 23 92026-1253;2004-05-20;C003;CANCELADO
20260913;Samus Echo;samus.echo.20260913@facul.edu.br;+55 23 99682-2143;1996-11-06;C001;ATIVO
20260914;Natasha Ember;natasha.ember.20260914@facul.edu.br;+55 23 97371-8064;1999-02-26;C001;ATIVO
20260915;Steve Raven;steve.raven.20260915@facul.edu.br;+55 23 94834-9571;2002-07-21;C005;ATIVO
20260916;Renamon Valerian;renamon.valerian.20260916@facul.edu.br;+55 23 96211-3964;2003-02-20;C002;ATIVO
20260917;Flash Shadow;flash.shadow.20260917@facul.edu.br;+55 23 93604-4908;2004-04-13;C001;ATIVO
20260918;Aragorn Odinson;aragorn.odinson.20260918@facul.edu.br;+55 23 93269-6960;1998-01-11;C002;ATIVO
20260919;Agumon Maximus;agumon.maximus.20260919@facul.edu.br;+55 23 92285-1371;2003-06-15;C005;ATIVO
20260920;Umbreon Nova;umbreon.nova.20260920@facul.edu.br;+55 23 95779-3596;2005-10-08;C004;ATIVO
20260921;Gengar Stark;gengar.stark.20260921@facul.edu.br;+55 23 91193-5222;2006-07-11;C003;ATIVO
20260922;Tails Blade;tails.blade.20260922@facul.edu.br;+55 23 93328-7273;1995-07-21;C001;TRANCADO
20260923;Guilmon Stark;guilmon.stark.20260923@facul.edu.br;+55 23 96777-3442;1996-12-15;C001;ATIVO
20260924;Eevee Dawn;eevee.dawn.20260924@facul.edu.br;+55 23 96746-6143;2002-11-03;C004;ATIVO
20260925;Kratos Parker;kratos.parker.20260925@facul.edu.br;+55 23 93361-5159;1997-11-22;C005;ATIVO
20260926;Bulbasaur Silver;bulbasaur.silver.20260926@facul.edu.br;+55 23 95425-6014;2007-04-03;C001;TRANCADO
20260927;Jigglypuff Night;jigglypuff.night.20260927@facul.edu.br;+55 23 92492-9542;2002-03-07;C003;ATIVO
20260928;Peter Banner;peter.banner.20260928@facul.edu.br;+55 23 93428-4055;2006-10-22;C002;ATIVO
20260929;Guilmon Maximus;guilmon.maximus.20260929@facul.edu.br;+55 23 92907-3767;2005-01-26;C005;ATIVO
20260930;Thor Dawn;thor.dawn.20260930@facul.edu.br;+55 23 97252-6046;2002-11-29;C005;ATIVO
20260931;Wonder Banner;wonder.banner.20260931@facul.edu.br;+55 23 94967-3116;1998-03-11;C005;ATIVO
20260932;Renamon Phoenix;renamon.phoenix.20260932@facul.edu.br;+55 23 91813-9187;2001-09-29;C003;ATIVO
20260933;Tony Skywalker;tony.skywalker.20260933@facul.edu.br;+55 23 92713-3815;2006-06-21;C002;ATIVO
20260934;Lucario Silver;lucario.silver.20260934@facul.edu.br;+55 23 91694-9375;2006-08-10;C002;ATIVO
20260935;Clint Night;clint.night.20260935@facul.edu.br;+55 23 93398-9563;2004-10-09;C001;ATIVO
20260936;Ken Dawn;ken.dawn.20260936@facul.edu.br;+55 23 94118-2224;1999-12-17;C004;ATIVO
20260937;Lapras Dawn;lapras.dawn.20260937@facul.edu.br;+55 23 97444-9087;1999-08-24;C003;ATIVO
20260938;Diana Frost;diana.frost.20260938@facul.edu.br;+55 23 98922-7403;2002-09-10;C003;ATIVO
20260939;Greymon Stark;greymon.stark.20260939@facul.edu.br;+55 23 93373-5972;1995-02-15;C004;TRANCADO
20260940;Peter Banner;peter.banner.20260940@facul.edu.br;+55 23 97420-9020;2003-12-16;C002;ATIVO
20260941;Luke Kent;luke.kent.20260941@facul.edu.br;+55 23 97641-3841;2005-07-13;C005;ATIVO
20260942;Bruce Baggins;bruce.baggins.20260942@facul.edu.br;+55 23 92939-4626;1998-04-29;C001;ATIVO
20260943;Gabumon Night;gabumon.night.20260943@facul.edu.br;+55 23 99786-8777;2004-09-06;C003;ATIVO
20260944;Leomon Kenobi;leomon.kenobi.20260944@facul.edu.br;+55 23 97142-6665;2002-10-21;C003;ATIVO
20260945;Link Frost;link.frost.20260945@facul.edu.br;+55 23 96084-1265;1996-10-22;C005;ATIVO
20260946;Eevee Silver;eevee.silver.20260946@facul.edu.br;+55 23 99810-7157;2000-04-03;C004;ATIVO
20260947;Luigi Romanoff;luigi.romanoff.20260947@facul.edu.br;+55 23 91825-7625;2007-07-31;C002;ATIVO
20260948;Charizard Silver;charizard.silver.20260948@facul.edu.br;+55 23 99534-1792;2000-07-24;C004;ATIVO
20260949;Logan Atlas;logan.atlas.20260949@facul.edu.br;+55 23 92202-6854;2004-07-05;C002;ATIVO
20260950;Mario Blade;mario.blade.20260950@facul.edu.br;+55 23 97443-1429;1998-05-16;C003;ATIVO
20260951;Dragonite Grayson;dragonite.grayson.20260951@facul.edu.br;+55 23 91421-9425;2004-05-08;C001;ATIVO
20260952;Ryu Kenobi;ryu.kenobi.20260952@facul.edu.br;+55 23 99896-8627;2002-06-24;C001;TRANCADO
20260953;Agumon Banner;agumon.banner.20260953@facul.edu.br;+55 23 99641-3546;2006-04-06;C005;ATIVO
20260954;Psyduck Skywalker;psyduck.skywalker.20260954@facul.edu.br;+55 23 95819-4661;2004-03-07;C004;ATIVO
20260955;Thor Romanoff;thor.romanoff.20260955@facul.edu.br;+55 23 92218-3275;2004-05-02;C002;TRANCADO
20260956;Terriermon Shadow;terriermon.shadow.20260956@facul.edu.br;+55 23 95864-5518;2006-06-02;C004;ATIVO
20260957;Impmon Atlas;impmon.atlas.20260957@facul.edu.br;+55 23 95071-6267;1999-10-21;C005;CANCELADO
20260958;Gyarados Raven;gyarados.raven.20260958@facul.edu.br;+55 23 98960-7536;2005-04-28;C004;ATIVO
20260959;Tentomon Orion;tentomon.orion.20260959@facul.edu.br;+55 23 94606-7558;1999-09-11;C005;ATIVO
20260960;Mario Ember;mario.ember.20260960@facul.edu.br;+55 23 91164-1755;2005-12-30;C004;ATIVO
20260961;Joel Prince;joel.prince.20260961@facul.edu.br;+55 23 95847-7617;1995-07-05;C002;ATIVO
20260962;Jigglypuff Stone;jigglypuff.stone.20260962@facul.edu.br;+55 23 95071-2029;2006-05-02;C001;ATIVO
20260963;Tentomon Echo;tentomon.echo.20260963@facul.edu.br;+55 23 94520-4488;1996-07-30;C002;ATIVO
20260964;Biyomon Parker;biyomon.parker.20260964@facul.edu.br;+55 23 94673-3130;2002-02-11;C001;ATIVO
20260965;Sonic Stark;sonic.stark.20260965@facul.edu.br;+55 23 98075-4102;1996-02-20;C002;ATIVO
20260966;Monzaemon Skywalker;monzaemon.skywalker.20260966@facul.edu.br;+55 23 99160-5707;1999-12-08;C005;ATIVO
20260967;Tentomon Atlas;tentomon.atlas.20260967@facul.edu.br;+55 23 98971-7730;1998-11-19;C005;ATIVO
20260968;Steve Drake;steve.drake.20260968@facul.edu.br;+55 23 98935-8141;2000-05-04;C002;ATIVO
20260969;Aloy Blade;aloy.blade.20260969@facul.edu.br;+55 23 98538-7656;1995-12-29;C005;ATIVO
20260970;Espeon Drake;espeon.drake.20260970@facul.edu.br;+55 23 99068-7538;1995-10-16;C003;ATIVO
20260971;Luke Romanoff;luke.romanoff.20260971@facul.edu.br;+55 23 95545-6657;2005-04-18;C002;ATIVO
20260972;Steve Skywalker;steve.skywalker.20260972@facul.edu.br;+55 23 97552-9190;2003-03-18;C002;CANCELADO
20260973;Arthur Skywalker;arthur.skywalker.20260973@facul.edu.br;+55 23 99559-8491;2002-01-18;C002;ATIVO
20260974;Ciri Blade;ciri.blade.20260974@facul.edu.br;+55 23 93776-4866;2004-01-14;C003;ATIVO
20260975;Aloy Banner;aloy.banner.20260975@facul.edu.br;+55 23 99430-5687;1998-02-08;C002;ATIVO
20260976;Snorlax Grayson;snorlax.grayson.20260976@facul.edu.br;+55 23 99831-6073;1997-06-02;C003;ATIVO
20260977;Leomon Ember;leomon.ember.20260977@facul.edu.br;+55 23 95750-1419;1999-03-05;C005;ATIVO
20260978;Blastoise Blade;blastoise.blade.20260978@facul.edu.br;+55 23 91178-3566;2004-06-09;C005;TRANCADO
20260979;Arthur Wayne;arthur.wayne.20260979@facul.edu.br;+55 23 92044-4538;2001-09-29;C004;ATIVO
20260980;Luigi Raven;luigi.raven.20260980@facul.edu.br;+55 23 96995-1727;1999-03-29;C004;ATIVO
20260981;Zelda Stone;zelda.stone.20260981@facul.edu.br;+55 23 92556-6888;1995-04-11;C001;ATIVO
20260982;Leomon Echo;leomon.echo.20260982@facul.edu.br;+55 23 99371-6515;2003-08-18;C002;ATIVO
20260983;Magikarp Wayne;magikarp.wayne.20260983@facul.edu.br;+55 23 92243-1023;1995-12-09;C004;ATIVO
20260984;Greymon Banner;greymon.banner.20260984@facul.edu.br;+55 23 95463-4854;2001-12-15;C004;ATIVO
20260985;Leomon Orion;leomon.orion.20260985@facul.edu.br;+55 23 92975-5683;2006-01-17;C001;ATIVO
20260986;Greninja Banner;greninja.banner.20260986@facul.edu.br;+55 23 93730-1915;1999-06-09;C003;ATIVO
20260987;Vision Raven;vision.raven.20260987@facul.edu.br;+55 23 92571-4638;2001-02-18;C004;TRANCADO
20260988;Natasha Kenobi;natasha.kenobi.20260988@facul.edu.br;+55 23 98126-6484;1997-07-12;C003;ATIVO
20260989;ChunLi Prince;chunli.prince.20260989@facul.edu.br;+55 23 98616-5895;2006-01-01;C004;ATIVO
20260990;Steve Parker;steve.parker.20260990@facul.edu.br;+55 23 93699-8008;2005-07-19;C005;ATIVO
20260991;Renamon Maximus;renamon.maximus.20260991@facul.edu.br;+55 23 91203-4196;2007-07-26;C003;ATIVO
20260992;Tentomon Shadow;tentomon.shadow.20260992@facul.edu.br;+55 23 93796-2317;2001-11-03;C005;ATIVO
20260993;Bruce Drake;bruce.drake.20260993@facul.edu.br;+55 23 94153-5319;1996-12-17;C002;ATIVO
20260994;Arthur Raven;arthur.raven.20260994@facul.edu.br;+55 23 97841-2074;1999-12-09;C002;ATIVO
20260995;Wanda Valerian;wanda.valerian.20260995@facul.edu.br;+55 23 98747-8768;1996-12-30;C004;ATIVO
20260996;Clint Skywalker;clint.skywalker.20260996@facul.edu.br;+55 23 95335-4366;2001-08-18;C005;ATIVO
20260997;Diana Orion;diana.orion.20260997@facul.edu.br;+55 23 99958-2230;1997-05-03;C004;ATIVO
20260998;Espeon Shadow;espeon.shadow.20260998@facul.edu.br;+55 23 95440-5250;2003-10-30;C002;ATIVO
20260999;Peter Blade;peter.blade.20260999@facul.edu.br;+55 23 98394-2111;1996-07-15;C003;ATIVO
20261000;Wormmon Odinson;wormmon.odinson.20261000@facul.edu.br;+55 23 95007-1601;2006-04-03;C002;TRANCADO
